Time,Fz,Mx,My,CoPx,CoPy
0.000000,490.773157,19.889979,-0.312364,0.000636,0.040528
0.001000,490.776156,19.929239,-0.356304,0.000726,0.040608
0.002000,491.060246,19.950129,-0.334434,0.000681,0.040627
0.003000,490.968026,19.969499,-0.356014,0.000725,0.040674
0.004000,490.782936,20.008459,-0.355834,0.000725,0.040768
0.005000,490.782936,20.008459,-0.355834,0.000725,0.040768
0.006000,490.782936,20.008459,-0.355834,0.000725,0.040768
0.007000,490.976236,20.049199,-0.310534,0.000632,0.040835
0.008000,490.976236,20.049199,-0.310534,0.000632,0.040835
0.009000,491.256546,20.030129,-0.333074,0.000678,0.040773
0.010000,491.067026,20.029349,-0.333964,0.000680,0.040787
0.011000,490.974806,20.048719,-0.355544,0.000724,0.040835
0.012000,491.258896,20.069609,-0.333674,0.000679,0.040853
0.013000,491.071456,20.069089,-0.332894,0.000678,0.040868
0.014000,490.974156,20.048939,-0.312204,0.000636,0.040835
0.015000,491.163676,20.049719,-0.311314,0.000634,0.040821
0.016000,491.067026,20.029349,-0.333964,0.000680,0.040787
0.017000,491.067026,20.029349,-0.333964,0.000680,0.040787
0.018000,491.067026,20.029349,-0.333964,0.000680,0.040787
0.019000,491.159246,20.009979,-0.312384,0.000636,0.040740
0.020000,491.062596,19.989609,-0.335034,0.000682,0.040707
0.021000,490.875156,19.989089,-0.334254,0.000681,0.040721
0.022000,490.870727,19.949349,-0.335324,0.000683,0.040641
0.023000,490.870077,19.949569,-0.291984,0.000595,0.040641
0.024000,490.678857,19.909089,-0.335614,0.000684,0.040575
0.025000,490.773427,19.929199,-0.314634,0.000641,0.040608
0.026000,490.866297,19.909609,-0.336394,0.000685,0.040560
0.027000,490.774077,19.928979,-0.357974,0.000729,0.040607
0.028000,490.585987,19.928679,-0.313854,0.000640,0.040622
0.029000,490.484907,19.868569,-0.337574,0.000688,0.040508
0.030000,490.388257,19.848199,-0.360224,0.000735,0.040474
0.031000,490.389687,19.848679,-0.315214,0.000643,0.040475
0.032000,490.577777,19.848979,-0.359334,0.000732,0.040460
0.033000,490.481127,19.828609,-0.381984,0.000779,0.040427
0.034000,490.481127,19.828609,-0.381984,0.000779,0.040427
0.035000,490.293037,19.828309,-0.337864,0.000689,0.040442
0.036000,490.196387,19.807939,-0.360514,0.000735,0.040408
0.037000,490.196387,19.807939,-0.360514,0.000735,0.040408
0.038000,490.099737,19.787569,-0.383164,0.000782,0.040375
0.039000,489.907867,19.747309,-0.383454,0.000783,0.040308
0.040000,489.814997,19.766899,-0.361694,0.000738,0.040356
0.041000,489.813567,19.766419,-0.406704,0.000830,0.040355
0.042000,489.906437,19.746829,-0.428464,0.000875,0.040307
0.043000,490.003087,19.767199,-0.405814,0.000828,0.040341
0.044000,490.095307,19.747829,-0.384234,0.000784,0.040294
0.045000,490.093877,19.747349,-0.429244,0.000876,0.040293
0.046000,490.001657,19.766719,-0.450824,0.000920,0.040340
0.047000,490.001657,19.766719,-0.450824,0.000920,0.040340
0.048000,490.093877,19.747349,-0.429244,0.000876,0.040293
0.049000,490.096227,19.786829,-0.429844,0.000877,0.040373
0.050000,490.096877,19.786609,-0.473184,0.000965,0.040373
0.051000,490.189097,19.767239,-0.451604,0.000921,0.040326
0.052000,490.189097,19.767239,-0.451604,0.000921,0.040326
0.053000,490.377187,19.767539,-0.495724,0.001011,0.040311
0.054000,490.284317,19.787129,-0.473964,0.000967,0.040358
0.055000,490.282887,19.786649,-0.518974,0.001059,0.040358
0.056000,490.284317,19.787129,-0.473964,0.000967,0.040358
0.057000,490.375757,19.767059,-0.540734,0.001103,0.040310
0.058000,490.470977,19.786949,-0.563094,0.001148,0.040343
0.059000,490.567627,19.807319,-0.540444,0.001102,0.040376
0.060000,490.755067,19.807839,-0.541224,0.001103,0.040362
0.061000,490.847937,19.788249,-0.562984,0.001147,0.040314
0.062000,490.847937,19.788249,-0.562984,0.001147,0.040314
0.063000,490.847937,19.788249,-0.562984,0.001147,0.040314
0.064000,490.941587,19.769359,-0.496394,0.001011,0.040268
0.065000,490.941587,19.769359,-0.496394,0.001011,0.040268
0.066000,491.033027,19.749289,-0.563164,0.001147,0.040220
0.067000,491.128247,19.769179,-0.585524,0.001192,0.040253
0.068000,491.220467,19.749809,-0.563944,0.001148,0.040206
0.069000,491.505207,19.770479,-0.585414,0.001191,0.040224
0.070000,491.505207,19.770479,-0.585414,0.001191,0.040224
0.071000,491.601857,19.790849,-0.562764,0.001145,0.040258
0.072000,491.505207,19.770479,-0.585414,0.001191,0.040224
0.073000,491.412987,19.789849,-0.606994,0.001235,0.040271
0.074000,491.412337,19.790069,-0.563654,0.001147,0.040272
0.075000,491.505207,19.770479,-0.585414,0.001191,0.040224
0.076000,491.694727,19.771259,-0.584524,0.001189,0.040210
0.077000,491.786947,19.751889,-0.562944,0.001145,0.040164
0.078000,491.697077,19.810739,-0.585124,0.001190,0.040291
0.079000,491.786947,19.751889,-0.562944,0.001145,0.040164
0.080000,491.879167,19.732519,-0.541364,0.001101,0.040117
0.081000,491.882167,19.771779,-0.585304,0.001190,0.040196
0.082000,491.974387,19.752409,-0.563724,0.001146,0.040149
0.083000,491.879817,19.732299,-0.584704,0.001189,0.040116
0.084000,491.972037,19.712929,-0.563124,0.001145,0.040069
0.085000,492.071037,19.772779,-0.541074,0.001100,0.040183
0.086000,492.163907,19.753189,-0.562834,0.001144,0.040135
0.087000,491.974387,19.752409,-0.563724,0.001146,0.040149
0.088000,492.163907,19.753189,-0.562834,0.001144,0.040135
0.089000,491.978817,19.792149,-0.562654,0.001144,0.040230
0.090000,492.160127,19.713229,-0.607244,0.001234,0.040055
0.091000,492.345217,19.674269,-0.607424,0.001234,0.039960
0.092000,492.345217,19.674269,-0.607424,0.001234,0.039960
0.093000,492.441867,19.694639,-0.584774,0.001187,0.039994
0.094000,492.252347,19.693859,-0.585664,0.001190,0.040008
0.095000,492.160127,19.713229,-0.607244,0.001234,0.040055
0.096000,492.252347,19.693859,-0.585664,0.001190,0.040008
0.097000,492.252347,19.693859,-0.585664,0.001190,0.040008
0.098000,492.252347,19.693859,-0.585664,0.001190,0.040008
0.099000,492.252347,19.693859,-0.585664,0.001190,0.040008
0.100000,492.348997,19.714229,-0.563014,0.001144,0.040041
0.101000,492.441867,19.694639,-0.584774,0.001187,0.039994
0.102000,492.345217,19.674269,-0.607424,0.001234,0.039960
0.103000,492.345217,19.674269,-0.607424,0.001234,0.039960
0.104000,492.345217,19.674269,-0.607424,0.001234,0.039960
0.105000,492.437437,19.654899,-0.585844,0.001190,0.039913
0.106000,492.157127,19.673969,-0.563304,0.001145,0.039975
0.107000,492.153347,19.634009,-0.607714,0.001235,0.039894
0.108000,492.245567,19.614639,-0.586134,0.001191,0.039847
0.109000,492.338437,19.595049,-0.607894,0.001235,0.039800
0.110000,492.245567,19.614639,-0.586134,0.001191,0.039847
0.111000,492.153347,19.634009,-0.607714,0.001235,0.039894
0.112000,492.153347,19.634009,-0.607714,0.001235,0.039894
0.113000,492.058127,19.614119,-0.585354,0.001190,0.039861
0.114000,492.060477,19.653599,-0.585954,0.001191,0.039941
0.115000,492.056697,19.613639,-0.630364,0.001281,0.039861
0.116000,492.058127,19.614119,-0.585354,0.001190,0.039861
0.117000,491.961477,19.593749,-0.608004,0.001236,0.039828
0.118000,491.961477,19.593749,-0.608004,0.001236,0.039828
0.119000,491.868607,19.613339,-0.586244,0.001192,0.039875
0.120000,491.773387,19.593449,-0.563884,0.001147,0.039842
0.121000,491.774037,19.593229,-0.607224,0.001235,0.039842
0.122000,491.392647,19.552189,-0.608404,0.001238,0.039789
0.123000,491.392647,19.552189,-0.608404,0.001238,0.039789
0.124000,491.579167,19.513709,-0.563574,0.001146,0.039696
0.125000,491.489297,19.572559,-0.585754,0.001192,0.039823
0.126000,491.582167,19.552969,-0.607514,0.001236,0.039776
0.127000,491.297427,19.532299,-0.586044,0.001193,0.039757
0.128000,491.297427,19.532299,-0.586044,0.001193,0.039757
0.129000,491.200777,19.511929,-0.608694,0.001239,0.039723
0.130000,491.292997,19.492559,-0.587114,0.001195,0.039676
0.131000,491.297427,19.532299,-0.586044,0.001193,0.039757
0.132000,491.205207,19.551669,-0.607624,0.001237,0.039803
0.133000,491.202207,19.512409,-0.563684,0.001148,0.039724
0.134000,491.294427,19.493039,-0.542104,0.001103,0.039677
0.135000,491.387297,19.473449,-0.563864,0.001147,0.039630
0.136000,491.202207,19.512409,-0.563684,0.001148,0.039724
0.137000,491.105557,19.492039,-0.586334,0.001194,0.039690
0.138000,491.105557,19.492039,-0.586334,0.001194,0.039690
0.139000,491.105557,19.492039,-0.586334,0.001194,0.039690
0.140000,491.105557,19.492039,-0.586334,0.001194,0.039690
0.141000,491.012687,19.511629,-0.564574,0.001150,0.039738
0.142000,491.387297,19.473449,-0.563864,0.001147,0.039630
0.143000,491.482517,19.493339,-0.586224,0.001193,0.039662
0.144000,491.387297,19.473449,-0.563864,0.001147,0.039630
0.145000,491.294427,19.493039,-0.542104,0.001103,0.039677
0.146000,491.105557,19.492039,-0.586334,0.001194,0.039690
0.147000,491.197777,19.472669,-0.564754,0.001150,0.039643
0.148000,491.104907,19.492259,-0.542994,0.001106,0.039691
0.149000,491.387297,19.473449,-0.563864,0.001147,0.039630
0.150000,491.292077,19.453559,-0.541504,0.001102,0.039597
0.151000,491.292077,19.453559,-0.541504,0.001102,0.039597
0.152000,491.199207,19.473149,-0.519744,0.001058,0.039644
0.153000,491.291427,19.453779,-0.498164,0.001014,0.039597
0.154000,491.009687,19.472369,-0.520634,0.001060,0.039658
0.155000,491.102557,19.452779,-0.542394,0.001104,0.039610
0.156000,491.102557,19.452779,-0.542394,0.001104,0.039610
0.157000,491.009687,19.472369,-0.520634,0.001060,0.039658
0.158000,490.914467,19.452479,-0.498274,0.001015,0.039625
0.159000,491.099557,19.413519,-0.498454,0.001015,0.039531
0.160000,491.099557,19.413519,-0.498454,0.001015,0.039531
0.161000,491.192427,19.393929,-0.520214,0.001059,0.039483
0.162000,490.912117,19.412999,-0.497674,0.001014,0.039545
0.163000,490.722597,19.412219,-0.498564,0.001016,0.039558
0.164000,490.724027,19.412699,-0.453554,0.000924,0.039559
0.165000,490.814817,19.392849,-0.476984,0.000972,0.039512
0.166000,490.811037,19.352889,-0.521394,0.001062,0.039430
0.167000,490.625947,19.391849,-0.521214,0.001062,0.039525
0.168000,490.719597,19.372959,-0.454624,0.000926,0.039479
0.169000,490.530727,19.371959,-0.498854,0.001017,0.039492
0.170000,490.342637,19.371659,-0.454734,0.000927,0.039506
0.171000,490.153767,19.370660,-0.498964,0.001018,0.039520
0.172000,490.153767,19.370660,-0.498964,0.001018,0.039520
0.173000,490.057117,19.350290,-0.521614,0.001064,0.039486
0.174000,489.964247,19.369880,-0.499854,0.001020,0.039533
0.175000,490.153767,19.370660,-0.498964,0.001018,0.039520
0.176000,490.058547,19.350770,-0.476604,0.000973,0.039487
0.177000,489.869027,19.349990,-0.477494,0.000975,0.039500
0.178000,489.869027,19.349990,-0.477494,0.000975,0.039500
0.179000,489.772377,19.329620,-0.500144,0.001021,0.039467
0.180000,489.677807,19.309510,-0.521124,0.001064,0.039433
0.181000,489.581157,19.289140,-0.543774,0.001111,0.039399
0.182000,489.677807,19.309510,-0.521124,0.001064,0.039433
0.183000,489.677807,19.309510,-0.521124,0.001064,0.039433
0.184000,489.677807,19.309510,-0.521124,0.001064,0.039433
0.185000,489.770027,19.290140,-0.499544,0.001020,0.039386
0.186000,489.584937,19.329100,-0.499364,0.001020,0.039481
0.187000,489.584937,19.329100,-0.499364,0.001020,0.039481
0.188000,489.584937,19.329100,-0.499364,0.001020,0.039481
0.189000,489.583507,19.328620,-0.544374,0.001112,0.039480
0.190000,489.676377,19.309030,-0.566134,0.001156,0.039432
0.191000,489.581157,19.289140,-0.543774,0.001111,0.039399
0.192000,489.861467,19.270070,-0.566314,0.001156,0.039338
0.193000,489.958117,19.290440,-0.543664,0.001110,0.039372
0.194000,489.956687,19.289960,-0.588674,0.001201,0.039371
0.195000,489.861467,19.270070,-0.566314,0.001156,0.039338
0.196000,489.768597,19.289660,-0.544554,0.001112,0.039385
0.197000,489.956687,19.289960,-0.588674,0.001201,0.039371
0.198000,489.958117,19.290440,-0.543664,0.001110,0.039372
0.199000,490.053337,19.310330,-0.566024,0.001155,0.039405
0.200000,490.145557,19.290960,-0.544444,0.001111,0.039358
0.201000,490.331297,19.251780,-0.587964,0.001199,0.039263
0.202000,490.425867,19.271890,-0.566984,0.001156,0.039296
0.203000,490.330647,19.252000,-0.544624,0.001111,0.039263
0.204000,490.330647,19.252000,-0.544624,0.001111,0.039263
0.205000,490.233997,19.231630,-0.567274,0.001157,0.039229
0.206000,490.330647,19.252000,-0.544624,0.001111,0.039263
0.207000,490.422867,19.232630,-0.523044,0.001067,0.039216
0.208000,490.422087,19.231930,-0.611394,0.001247,0.039215
0.209000,490.518737,19.252300,-0.588744,0.001200,0.039249
0.210000,490.610957,19.232930,-0.567164,0.001156,0.039202
0.211000,490.610957,19.232930,-0.567164,0.001156,0.039202
0.212000,490.610957,19.232930,-0.567164,0.001156,0.039202
0.213000,490.423517,19.232410,-0.566384,0.001155,0.039216
0.214000,490.610957,19.232930,-0.567164,0.001156,0.039202
0.215000,490.610957,19.232930,-0.567164,0.001156,0.039202
0.216000,490.703827,19.213340,-0.588924,0.001200,0.039155
0.217000,490.701747,19.213079,-0.590594,0.001204,0.039154
0.218000,490.703827,19.213340,-0.588924,0.001200,0.039155
0.219000,490.610957,19.232930,-0.567164,0.001156,0.039202
0.220000,490.607177,19.192970,-0.611574,0.001247,0.039121
0.221000,490.514307,19.212560,-0.589814,0.001202,0.039168
0.222000,490.796047,19.193970,-0.567344,0.001156,0.039108
0.223000,490.608607,19.193450,-0.566564,0.001155,0.039122
0.224000,490.703177,19.213559,-0.545584,0.001112,0.039155
0.225000,490.703827,19.213340,-0.588924,0.001200,0.039155
0.226000,490.799047,19.233230,-0.611284,0.001245,0.039188
0.227000,490.701747,19.213079,-0.590594,0.001204,0.039154
0.228000,490.703177,19.213559,-0.545584,0.001112,0.039155
0.229000,490.518087,19.252520,-0.545404,0.001112,0.039249
0.230000,490.518737,19.252300,-0.588744,0.001200,0.039249
0.231000,490.610957,19.232930,-0.567164,0.001156,0.039202
0.232000,490.610957,19.232930,-0.567164,0.001156,0.039202
0.233000,490.610957,19.232930,-0.567164,0.001156,0.039202
0.234000,490.706177,19.252819,-0.589524,0.001201,0.039235
0.235000,490.895047,19.253819,-0.545294,0.001111,0.039222
0.236000,490.707607,19.253299,-0.544514,0.001110,0.039236
0.237000,490.707607,19.253299,-0.544514,0.001110,0.039236
0.238000,490.610957,19.232930,-0.567164,0.001156,0.039202
0.239000,490.706177,19.252819,-0.589524,0.001201,0.039235
0.240000,490.709957,19.292779,-0.545114,0.001111,0.039316
0.241000,490.805177,19.312669,-0.567474,0.001156,0.039349
0.242000,490.899477,19.293559,-0.544224,0.001109,0.039302
0.243000,490.805177,19.312669,-0.567474,0.001156,0.039349
0.244000,490.706177,19.252819,-0.589524,0.001201,0.039235
0.245000,490.898047,19.293079,-0.589234,0.001200,0.039302
0.246000,490.805177,19.312669,-0.567474,0.001156,0.039349
0.247000,490.709177,19.292079,-0.633464,0.001291,0.039315
0.248000,490.805177,19.312669,-0.567474,0.001156,0.039349
0.249000,490.805177,19.312669,-0.567474,0.001156,0.039349
0.250000,490.901827,19.333039,-0.544824,0.001110,0.039383
0.251000,490.997047,19.352929,-0.567184,0.001155,0.039416
0.252000,490.993267,19.312969,-0.611594,0.001246,0.039334
0.253000,491.089917,19.333339,-0.588944,0.001199,0.039368
0.254000,491.089917,19.333339,-0.588944,0.001199,0.039368
0.255000,490.904827,19.372299,-0.588764,0.001199,0.039462
0.256000,490.997697,19.352709,-0.610524,0.001243,0.039415
0.257000,491.094347,19.373079,-0.587874,0.001197,0.039449
0.258000,491.189567,19.392969,-0.610234,0.001242,0.039482
0.259000,491.281787,19.373599,-0.588654,0.001198,0.039435
0.260000,491.283217,19.374079,-0.543644,0.001107,0.039436
0.261000,491.378437,19.393969,-0.566004,0.001152,0.039468
0.262000,491.093697,19.373299,-0.544534,0.001109,0.039449
0.263000,491.096697,19.412559,-0.588474,0.001198,0.039529
0.264000,491.096697,19.412559,-0.588474,0.001198,0.039529
0.265000,491.096697,19.412559,-0.588474,0.001198,0.039529
0.266000,491.284787,19.412859,-0.632594,0.001288,0.039514
0.267000,491.381437,19.433229,-0.609944,0.001241,0.039548
0.268000,491.480437,19.493079,-0.587894,0.001196,0.039662
0.269000,491.476007,19.453339,-0.588964,0.001198,0.039581
0.270000,491.288567,19.452819,-0.588184,0.001197,0.039596
0.271000,491.288567,19.452819,-0.588184,0.001197,0.039596
0.272000,491.288567,19.452819,-0.588184,0.001197,0.039596
0.273000,491.477437,19.453819,-0.543954,0.001107,0.039582
0.274000,491.477437,19.453819,-0.543954,0.001107,0.039582
0.275000,491.570307,19.434229,-0.565714,0.001151,0.039535
0.276000,491.573307,19.473489,-0.609654,0.001240,0.039615
0.277000,491.573307,19.473489,-0.609654,0.001240,0.039615
0.278000,491.577087,19.513449,-0.565244,0.001150,0.039696
0.279000,491.668527,19.493379,-0.632014,0.001285,0.039647
0.280000,491.577087,19.513449,-0.565244,0.001150,0.039696
0.281000,491.577087,19.513449,-0.565244,0.001150,0.039696
0.282000,491.579437,19.552929,-0.565844,0.001151,0.039776
0.283000,491.672307,19.533339,-0.587604,0.001195,0.039728
0.284000,491.673737,19.533819,-0.542594,0.001104,0.039729
0.285000,491.673737,19.533819,-0.542594,0.001104,0.039729
0.286000,491.577087,19.513449,-0.565244,0.001150,0.039696
0.287000,491.577087,19.513449,-0.565244,0.001150,0.039696
0.288000,491.484217,19.533039,-0.543484,0.001106,0.039743
0.289000,491.579437,19.552929,-0.565844,0.001151,0.039776
0.290000,491.577087,19.513449,-0.565244,0.001150,0.039696
0.291000,491.580867,19.553409,-0.520834,0.001060,0.039777
0.292000,491.957827,19.554709,-0.520724,0.001058,0.039749
0.293000,491.673737,19.533819,-0.542594,0.001104,0.039729
0.294000,491.770387,19.554189,-0.519944,0.001057,0.039763
0.295000,491.677517,19.573779,-0.498184,0.001013,0.039810
0.296000,491.772737,19.593669,-0.520544,0.001059,0.039843
0.297000,491.772737,19.593669,-0.520544,0.001059,0.039843
0.298000,491.776517,19.633629,-0.476134,0.000968,0.039924
0.299000,491.677517,19.573779,-0.498184,0.001013,0.039810
0.300000,491.962257,19.594449,-0.519654,0.001056,0.039829
0.301000,491.869387,19.614039,-0.497894,0.001012,0.039877
0.302000,491.774167,19.594149,-0.475534,0.000967,0.039844
0.303000,491.774167,19.594149,-0.475534,0.000967,0.039844
0.304000,491.681297,19.613739,-0.453774,0.000923,0.039891
0.305000,491.589077,19.633109,-0.475354,0.000967,0.039938
0.306000,491.586727,19.593629,-0.474754,0.000966,0.039858
0.307000,491.681947,19.613519,-0.497114,0.001011,0.039891
0.308000,491.778597,19.633889,-0.474464,0.000965,0.039924
0.309000,491.777947,19.634109,-0.431124,0.000877,0.039925
0.310000,491.777947,19.634109,-0.431124,0.000877,0.039925
0.311000,491.777947,19.634109,-0.431124,0.000877,0.039925
0.312000,491.777947,19.634109,-0.431124,0.000877,0.039925
0.313000,491.777947,19.634109,-0.431124,0.000877,0.039925
0.314000,491.589857,19.633809,-0.387004,0.000787,0.039939
0.315000,491.490857,19.573959,-0.409054,0.000832,0.039826
0.316000,491.777947,19.634109,-0.431124,0.000877,0.039925
0.317000,491.682727,19.614219,-0.408764,0.000831,0.039892
0.318000,491.775597,19.594629,-0.430524,0.000875,0.039845
0.319000,491.775597,19.594629,-0.430524,0.000875,0.039845
0.320000,491.587507,19.594329,-0.386404,0.000786,0.039859
0.321000,491.684157,19.614699,-0.363754,0.000740,0.039893
0.322000,491.587507,19.594329,-0.386404,0.000786,0.039859
0.323000,491.682727,19.614219,-0.408764,0.000831,0.039892
0.324000,491.679727,19.574959,-0.364824,0.000742,0.039812
0.325000,491.869247,19.575739,-0.363934,0.000740,0.039799
0.326000,491.774027,19.555849,-0.341574,0.000695,0.039766
0.327000,491.770247,19.515889,-0.385984,0.000785,0.039685
0.328000,491.677377,19.535479,-0.364224,0.000741,0.039732
0.329000,491.677377,19.535479,-0.364224,0.000741,0.039732
0.330000,491.582157,19.515589,-0.341864,0.000695,0.039700
0.331000,491.582157,19.515589,-0.341864,0.000695,0.039700
0.332000,491.582157,19.515589,-0.341864,0.000695,0.039700
0.333000,491.486937,19.495699,-0.319504,0.000650,0.039667
0.334000,491.582157,19.515589,-0.341864,0.000695,0.039700
0.335000,491.583587,19.516069,-0.296854,0.000604,0.039700
0.336000,491.579157,19.476329,-0.297924,0.000606,0.039620
0.337000,491.202197,19.475029,-0.298034,0.000607,0.039648
0.338000,491.295067,19.455439,-0.319794,0.000651,0.039600
0.339000,491.106977,19.455139,-0.275674,0.000561,0.039615
0.340000,491.106977,19.455139,-0.275674,0.000561,0.039615
0.341000,491.292717,19.415959,-0.319194,0.000650,0.039520
0.342000,491.292067,19.416179,-0.275854,0.000561,0.039521
0.343000,491.104627,19.415659,-0.275074,0.000560,0.039535
0.344000,491.011757,19.435249,-0.253314,0.000516,0.039582
0.345000,491.011757,19.435249,-0.253314,0.000516,0.039582
0.346000,490.631797,19.394689,-0.209484,0.000427,0.039530
0.347000,490.724667,19.375099,-0.231244,0.000471,0.039483
0.348000,490.536577,19.374799,-0.187124,0.000381,0.039497
0.349000,490.631797,19.394689,-0.209484,0.000427,0.039530
0.350000,490.629447,19.355209,-0.208884,0.000426,0.039450
0.351000,490.629447,19.355209,-0.208884,0.000426,0.039450
0.352000,490.533577,19.335539,-0.143184,0.000292,0.039417
0.353000,490.344707,19.334539,-0.187414,0.000382,0.039431
0.354000,490.062317,19.353349,-0.166544,0.000340,0.039492
0.355000,489.874877,19.352830,-0.165764,0.000338,0.039506
0.356000,489.967747,19.333240,-0.187524,0.000383,0.039458
0.357000,490.059967,19.313869,-0.165944,0.000339,0.039411
0.358000,490.156617,19.334239,-0.143294,0.000292,0.039445
0.359000,490.253267,19.354609,-0.120644,0.000246,0.039479
0.360000,490.154267,19.294759,-0.142694,0.000291,0.039365
0.361000,489.964747,19.293980,-0.143584,0.000293,0.039378
0.362000,489.684437,19.313050,-0.121044,0.000247,0.039440
0.363000,489.680007,19.273310,-0.122114,0.000249,0.039359
0.364000,489.775227,19.293200,-0.144474,0.000295,0.039392
0.365000,489.772877,19.253720,-0.143874,0.000294,0.039312
0.366000,489.869527,19.274090,-0.121224,0.000247,0.039345
0.367000,489.776657,19.293680,-0.099464,0.000203,0.039393
0.368000,489.869527,19.274090,-0.121224,0.000247,0.039345
0.369000,489.772877,19.253720,-0.143874,0.000294,0.039312
0.370000,489.680007,19.273310,-0.122114,0.000249,0.039359
0.371000,489.491917,19.273010,-0.077994,0.000159,0.039373
0.372000,489.491917,19.273010,-0.077994,0.000159,0.039373
0.373000,489.584787,19.253420,-0.099754,0.000204,0.039326
0.374000,489.584787,19.253420,-0.099754,0.000204,0.039326
0.375000,489.778087,19.294160,-0.054454,0.000111,0.039394
0.376000,489.681437,19.273790,-0.077104,0.000157,0.039360
0.377000,489.681437,19.273790,-0.077104,0.000157,0.039360
0.378000,489.681437,19.273790,-0.077104,0.000157,0.039360
0.379000,489.681437,19.273790,-0.077104,0.000157,0.039360
0.380000,489.681437,19.273790,-0.077104,0.000157,0.039360
0.381000,489.588567,19.293380,-0.055344,0.000113,0.039407
0.382000,489.963177,19.255200,-0.054634,0.000112,0.039299
0.383000,489.870307,19.274789,-0.032874,0.000067,0.039347
0.384000,489.965527,19.294679,-0.055234,0.000113,0.039380
0.385000,490.154397,19.295679,-0.011004,0.000022,0.039367
0.386000,490.155047,19.295459,-0.054344,0.000111,0.039366
0.387000,489.965527,19.294679,-0.055234,0.000113,0.039380
0.388000,490.154397,19.295679,-0.011004,0.000022,0.039367
0.389000,490.154397,19.295679,-0.011004,0.000022,0.039367
0.390000,490.248047,19.276789,0.055586,-0.000113,0.039320
0.391000,490.343267,19.296679,0.033226,-0.000068,0.039353
0.392000,490.436137,19.277089,0.011466,-0.000023,0.039306
0.393000,490.436137,19.277089,0.011466,-0.000023,0.039306
0.394000,490.431707,19.237349,0.010396,-0.000021,0.039225
0.395000,490.343267,19.296679,0.033226,-0.000068,0.039353
0.396000,490.436137,19.277089,0.011466,-0.000023,0.039306
0.397000,490.528357,19.257719,0.033046,-0.000067,0.039259
0.398000,490.625007,19.278089,0.055696,-0.000114,0.039293
0.399000,490.625007,19.278089,0.055696,-0.000114,0.039293
0.400000,490.813877,19.279089,0.099926,-0.000204,0.039280
0.401000,490.717227,19.258719,0.077276,-0.000157,0.039246
0.402000,490.717227,19.258719,0.077276,-0.000157,0.039246
0.403000,490.717227,19.258719,0.077276,-0.000157,0.039246
0.404000,490.717227,19.258719,0.077276,-0.000157,0.039246
0.405000,490.717227,19.258719,0.077276,-0.000157,0.039246
0.406000,490.906747,19.259499,0.078166,-0.000159,0.039233
0.407000,491.001317,19.279609,0.099146,-0.000202,0.039266
0.408000,491.094187,19.260019,0.077386,-0.000158,0.039219
0.409000,491.190837,19.280389,0.100036,-0.000204,0.039252
0.410000,491.281627,19.260539,0.076606,-0.000156,0.039205
0.411000,491.186407,19.240649,0.098966,-0.000201,0.039172
0.412000,491.096537,19.299499,0.076786,-0.000156,0.039299
0.413000,491.189407,19.279909,0.055026,-0.000112,0.039251
0.414000,491.186407,19.240649,0.098966,-0.000201,0.039172
0.415000,491.186407,19.240649,0.098966,-0.000201,0.039172
0.416000,491.470497,19.261539,0.120836,-0.000246,0.039192
0.417000,491.378277,19.280909,0.099256,-0.000202,0.039238
0.418000,491.378277,19.280909,0.099256,-0.000202,0.039238
0.419000,491.378277,19.280909,0.099256,-0.000202,0.039238
0.420000,491.378277,19.280909,0.099256,-0.000202,0.039238
0.421000,491.378277,19.280909,0.099256,-0.000202,0.039238
0.422000,491.285407,19.300499,0.121016,-0.000246,0.039286
0.423000,491.377627,19.281129,0.142596,-0.000290,0.039239
0.424000,491.377627,19.281129,0.142596,-0.000290,0.039239
0.425000,491.470497,19.261539,0.120836,-0.000246,0.039192
0.426000,491.474277,19.301499,0.165246,-0.000336,0.039273
0.427000,491.474927,19.301279,0.121906,-0.000248,0.039272
0.428000,491.285407,19.300499,0.121016,-0.000246,0.039286
0.429000,491.382057,19.320869,0.143666,-0.000292,0.039319
0.430000,491.196967,19.359829,0.143846,-0.000293,0.039414
0.431000,491.193187,19.319869,0.099436,-0.000202,0.039333
0.432000,491.289837,19.340239,0.122086,-0.000249,0.039366
0.433000,491.289187,19.340459,0.165426,-0.000337,0.039367
0.434000,491.192537,19.320089,0.142776,-0.000291,0.039333
0.435000,491.101747,19.339939,0.166206,-0.000338,0.039381
0.436000,491.100317,19.339459,0.121196,-0.000247,0.039380
0.437000,491.100317,19.339459,0.121196,-0.000247,0.039380
0.438000,491.008097,19.358829,0.099616,-0.000203,0.039427
0.439000,491.005097,19.319569,0.143556,-0.000292,0.039347
0.440000,491.005097,19.319569,0.143556,-0.000292,0.039347
0.441000,491.011877,19.398789,0.144026,-0.000293,0.039508
0.442000,491.009527,19.359309,0.144626,-0.000295,0.039428
0.443000,490.912227,19.339159,0.165316,-0.000337,0.039394
0.444000,491.008877,19.359529,0.187966,-0.000383,0.039428
0.445000,490.728567,19.378599,0.210506,-0.000429,0.039489
0.446000,490.727137,19.378119,0.165496,-0.000337,0.039489
0.447000,490.822357,19.398009,0.143136,-0.000292,0.039521
0.448000,490.727137,19.378119,0.165496,-0.000337,0.039489
0.449000,490.823787,19.398489,0.188146,-0.000383,0.039522
0.450000,490.916657,19.378899,0.166386,-0.000339,0.039475
0.451000,490.916657,19.378899,0.166386,-0.000339,0.039475
0.452000,491.104097,19.379419,0.165606,-0.000337,0.039461
0.453000,491.104097,19.379419,0.165606,-0.000337,0.039461
0.454000,490.919007,19.418379,0.165786,-0.000338,0.039555
0.455000,490.822357,19.398009,0.143136,-0.000292,0.039521
0.456000,490.822357,19.398009,0.143136,-0.000292,0.039521
0.457000,491.008877,19.359529,0.187966,-0.000383,0.039428
0.458000,491.104097,19.379419,0.165606,-0.000337,0.039461
0.459000,491.196967,19.359829,0.143846,-0.000293,0.039414
0.460000,491.196317,19.360049,0.187186,-0.000381,0.039414
0.461000,491.200747,19.399789,0.188256,-0.000383,0.039495
0.462000,490.914577,19.378639,0.164716,-0.000336,0.039475
0.463000,490.819357,19.358749,0.187076,-0.000381,0.039442
0.464000,491.008877,19.359529,0.187966,-0.000383,0.039428
0.465000,491.008877,19.359529,0.187966,-0.000383,0.039428
0.466000,491.008877,19.359529,0.187966,-0.000383,0.039428
0.467000,491.101747,19.339939,0.166206,-0.000338,0.039381
0.468000,491.098097,19.300899,0.253486,-0.000516,0.039302
0.469000,491.004447,19.319789,0.186896,-0.000381,0.039347
0.470000,491.005097,19.319569,0.143556,-0.000292,0.039347
0.471000,490.817007,19.319269,0.187676,-0.000382,0.039361
0.472000,490.817007,19.319269,0.187676,-0.000382,0.039361
0.473000,490.817007,19.319269,0.187676,-0.000382,0.039361
0.474000,490.912227,19.339159,0.165316,-0.000337,0.039394
0.475000,490.916007,19.379119,0.209726,-0.000427,0.039475
0.476000,490.816357,19.319489,0.231016,-0.000471,0.039362
0.477000,491.005877,19.320269,0.231906,-0.000472,0.039348
0.478000,490.817007,19.319269,0.187676,-0.000382,0.039361
0.479000,490.628917,19.318969,0.231796,-0.000472,0.039376
0.480000,490.724137,19.338859,0.209436,-0.000427,0.039409
0.481000,490.631917,19.358229,0.187856,-0.000383,0.039456
0.482000,490.821437,19.359009,0.188746,-0.000385,0.039442
0.483000,490.820787,19.359229,0.232086,-0.000473,0.039443
0.484000,490.725567,19.339339,0.254446,-0.000519,0.039410
0.485000,490.728567,19.378599,0.210506,-0.000429,0.039489
0.486000,490.637127,19.398669,0.277276,-0.000565,0.039538
0.487000,490.633347,19.358709,0.232866,-0.000475,0.039457
0.488000,490.632697,19.358929,0.276206,-0.000563,0.039457
0.489000,490.540477,19.378299,0.254626,-0.000519,0.039504
0.490000,490.540477,19.378299,0.254626,-0.000519,0.039504
0.491000,490.447607,19.397889,0.276386,-0.000564,0.039551
0.492000,490.540477,19.378299,0.254626,-0.000519,0.039504
0.493000,490.632697,19.358929,0.276206,-0.000563,0.039457
0.494000,490.540477,19.378299,0.254626,-0.000519,0.039504
0.495000,490.447607,19.397889,0.276386,-0.000564,0.039551
0.496000,490.544257,19.418259,0.299036,-0.000610,0.039585
0.497000,490.544257,19.418259,0.299036,-0.000610,0.039585
0.498000,490.452037,19.437629,0.277456,-0.000566,0.039632
0.499000,490.736127,19.458519,0.299326,-0.000610,0.039652
0.500000,490.643257,19.478109,0.321086,-0.000654,0.039699
0.501000,490.548037,19.458219,0.343446,-0.000700,0.039666
0.502000,490.644687,19.478589,0.366096,-0.000746,0.039700
0.503000,490.458817,19.516849,0.277926,-0.000567,0.039793
0.504000,490.365947,19.536439,0.299686,-0.000611,0.039841
0.505000,490.551037,19.497479,0.299506,-0.000611,0.039746
0.506000,490.551037,19.497479,0.299506,-0.000611,0.039746
0.507000,490.554817,19.537439,0.343916,-0.000701,0.039827
0.508000,490.744337,19.538219,0.344806,-0.000703,0.039813
0.509000,490.839557,19.558109,0.322446,-0.000657,0.039846
0.510000,490.650687,19.557109,0.278216,-0.000567,0.039860
0.511000,490.558467,19.576479,0.256636,-0.000523,0.039907
0.512000,490.558467,19.576479,0.256636,-0.000523,0.039907
0.513000,490.557817,19.576699,0.299976,-0.000612,0.039907
0.514000,490.465597,19.596069,0.278396,-0.000568,0.039954
0.515000,490.654467,19.597069,0.322626,-0.000658,0.039941
0.516000,490.939207,19.617739,0.301156,-0.000613,0.039960
0.517000,490.939207,19.617739,0.301156,-0.000613,0.039960
0.518000,490.749687,19.616959,0.300266,-0.000612,0.039973
0.519000,490.657467,19.636329,0.278686,-0.000568,0.040020
0.520000,490.754117,19.656699,0.301336,-0.000614,0.040054
0.521000,490.846987,19.637109,0.279576,-0.000570,0.040007
0.522000,490.565247,19.655699,0.257106,-0.000524,0.040067
0.523000,490.661897,19.676069,0.279756,-0.000570,0.040101
0.524000,490.850767,19.677069,0.323986,-0.000660,0.040088
0.525000,490.846337,19.637329,0.322916,-0.000658,0.040007
0.526000,490.850767,19.677069,0.323986,-0.000660,0.040088
0.527000,490.758547,19.696439,0.302406,-0.000616,0.040135
0.528000,490.758547,19.696439,0.302406,-0.000616,0.040135
0.529000,490.759977,19.696919,0.347416,-0.000708,0.040136
0.530000,490.762977,19.736179,0.303476,-0.000618,0.040215
0.531000,490.855197,19.716809,0.325056,-0.000662,0.040168
0.532000,490.855197,19.716809,0.325056,-0.000662,0.040168
0.533000,490.947417,19.697439,0.346636,-0.000706,0.040121
0.534000,490.947417,19.697439,0.346636,-0.000706,0.040121
0.535000,491.047067,19.757069,0.325346,-0.000663,0.040235
0.536000,491.047067,19.757069,0.325346,-0.000663,0.040235
0.537000,491.139937,19.737479,0.303586,-0.000618,0.040187
0.538000,491.048497,19.757549,0.370356,-0.000754,0.040235
0.539000,490.951847,19.737179,0.347706,-0.000708,0.040202
0.540000,491.048497,19.757549,0.370356,-0.000754,0.040235
0.541000,491.143717,19.777439,0.347996,-0.000709,0.040268
0.542000,491.235937,19.758069,0.369576,-0.000752,0.040221
0.543000,491.427807,19.798329,0.369866,-0.000753,0.040287
0.544000,491.335587,19.817699,0.348286,-0.000709,0.040334
0.545000,491.337017,19.818179,0.393296,-0.000800,0.040335
0.546000,491.337017,19.818179,0.393296,-0.000800,0.040335
0.547000,491.432237,19.838069,0.370936,-0.000755,0.040368
0.548000,491.335587,19.817699,0.348286,-0.000709,0.040334
0.549000,491.525107,19.818479,0.349176,-0.000710,0.040320
0.550000,491.528887,19.858439,0.393586,-0.000801,0.040401
0.551000,491.713977,19.819479,0.393406,-0.000800,0.040307
0.552000,491.809197,19.839369,0.371046,-0.000754,0.040340
0.553000,491.716976,19.858739,0.349466,-0.000711,0.040387
0.554000,491.720756,19.898699,0.393876,-0.000801,0.040467
0.555000,491.720756,19.898699,0.393876,-0.000801,0.040467
0.556000,491.812977,19.879329,0.415456,-0.000845,0.040421
0.557000,491.909626,19.899699,0.438106,-0.000891,0.040454
0.558000,491.910276,19.899479,0.394766,-0.000803,0.040453
0.559000,492.005496,19.919369,0.372406,-0.000757,0.040486
0.560000,492.192936,19.919889,0.371626,-0.000755,0.040472
0.561000,492.004846,19.919589,0.415746,-0.000845,0.040487
0.562000,492.007846,19.958849,0.371806,-0.000756,0.040566
0.563000,491.915626,19.978219,0.350226,-0.000712,0.040613
0.564000,491.913276,19.938739,0.350826,-0.000713,0.040533
0.565000,492.197366,19.959629,0.372696,-0.000757,0.040552
0.566000,492.104496,19.979219,0.394456,-0.000802,0.040600
0.567000,492.004846,19.919589,0.415746,-0.000845,0.040487
0.568000,492.009276,19.959329,0.416816,-0.000847,0.040567
0.569000,492.104496,19.979219,0.394456,-0.000802,0.040600
0.570000,492.012276,19.998589,0.372876,-0.000758,0.040647
0.571000,491.917056,19.978699,0.395236,-0.000803,0.040614
0.572000,491.917056,19.978699,0.395236,-0.000803,0.040614
0.573000,491.917056,19.978699,0.395236,-0.000803,0.040614
0.574000,492.012276,19.998589,0.372876,-0.000758,0.040647
0.575000,492.012276,19.998589,0.372876,-0.000758,0.040647
0.576000,492.012276,19.998589,0.372876,-0.000758,0.040647
0.577000,491.919406,20.018179,0.394636,-0.000802,0.040694
0.578000,491.823406,19.997589,0.328646,-0.000668,0.040660
0.579000,491.635316,19.997289,0.372766,-0.000758,0.040675
0.580000,491.731966,20.017659,0.395416,-0.000804,0.040708
0.581000,491.635316,19.997289,0.372766,-0.000758,0.040675
0.582000,491.543096,20.016659,0.351186,-0.000714,0.040722
0.583000,491.540096,19.977399,0.395126,-0.000804,0.040642
0.584000,491.542447,20.016879,0.394526,-0.000803,0.040723
0.585000,491.639096,20.037249,0.417176,-0.000849,0.040756
0.586000,491.546876,20.056619,0.395596,-0.000805,0.040803
0.587000,491.546876,20.056619,0.395596,-0.000805,0.040803
0.588000,491.451656,20.036729,0.417956,-0.000850,0.040770
0.589000,491.451656,20.036729,0.417956,-0.000850,0.040770
0.590000,491.262786,20.035729,0.373726,-0.000761,0.040784
0.591000,491.356436,20.016839,0.440316,-0.000896,0.040738
0.592000,491.639746,20.037029,0.373836,-0.000760,0.040756
0.593000,491.453226,20.075509,0.329006,-0.000669,0.040849
0.594000,491.355006,20.016359,0.395306,-0.000805,0.040737
0.595000,491.169917,20.055319,0.395486,-0.000805,0.040832
0.596000,491.077697,20.074689,0.373906,-0.000761,0.040879
0.597000,491.169917,20.055319,0.395486,-0.000805,0.040832
0.598000,491.074697,20.035429,0.417846,-0.000851,0.040799
0.599000,491.169917,20.055319,0.395486,-0.000805,0.040832
0.600000,491.169917,20.055319,0.395486,-0.000805,0.040832
0.601000,491.074697,20.035429,0.417846,-0.000851,0.040799
0.602000,490.889607,20.074389,0.418026,-0.000852,0.040894
0.603000,490.981827,20.055019,0.439606,-0.000895,0.040847
0.604000,490.794387,20.054499,0.440386,-0.000897,0.040861
0.605000,490.702167,20.073869,0.418806,-0.000853,0.040908
0.606000,490.794387,20.054499,0.440386,-0.000897,0.040861
0.607000,490.889607,20.074389,0.418026,-0.000852,0.040894
0.608000,490.794387,20.054499,0.440386,-0.000897,0.040861
0.609000,490.794387,20.054499,0.440386,-0.000897,0.040861
0.610000,490.699167,20.034609,0.462746,-0.000943,0.040829
0.611000,490.697737,20.034129,0.417736,-0.000851,0.040828
0.612000,490.604867,20.053719,0.439496,-0.000896,0.040876
0.613000,490.509647,20.033829,0.461856,-0.000942,0.040843
0.614000,490.602517,20.014239,0.440096,-0.000897,0.040795
0.615000,490.602517,20.014239,0.440096,-0.000897,0.040795
0.616000,490.602517,20.014239,0.440096,-0.000897,0.040795
0.617000,490.787607,19.975279,0.439916,-0.000896,0.040700
0.618000,490.694737,19.994869,0.461676,-0.000941,0.040748
0.619000,490.603947,20.014719,0.485106,-0.000989,0.040796
0.620000,490.414427,20.013939,0.484216,-0.000987,0.040810
0.621000,490.509647,20.033829,0.461856,-0.000942,0.040843
0.622000,490.322207,20.033309,0.462636,-0.000944,0.040857
0.623000,490.414427,20.013939,0.484216,-0.000987,0.040810
0.624000,490.414427,20.013939,0.484216,-0.000987,0.040810
0.625000,490.511077,20.034309,0.506866,-0.001033,0.040844
0.626000,490.509647,20.033829,0.461856,-0.000942,0.040843
0.627000,490.417427,20.053199,0.440276,-0.000898,0.040890
0.628000,490.321557,20.033529,0.505976,-0.001032,0.040858
0.629000,490.136467,20.072489,0.506156,-0.001033,0.040953
0.630000,490.039817,20.052119,0.483506,-0.000987,0.040919
0.631000,490.229337,20.052899,0.484396,-0.000988,0.040905
0.632000,490.132687,20.032529,0.461746,-0.000942,0.040872
0.633000,490.229337,20.052899,0.484396,-0.000988,0.040905
0.634000,490.229337,20.052899,0.484396,-0.000988,0.040905
0.635000,490.040467,20.051899,0.440166,-0.000898,0.040919
0.636000,490.040467,20.051899,0.440166,-0.000898,0.040919
0.637000,490.042817,20.091379,0.439566,-0.000897,0.040999
0.638000,490.044247,20.091859,0.484576,-0.000989,0.041000
0.639000,489.952027,20.111229,0.462996,-0.000945,0.041047
0.640000,489.955807,20.151189,0.507406,-0.001036,0.041129
0.641000,489.955807,20.151189,0.507406,-0.001036,0.041129
0.642000,489.864237,20.170339,0.442486,-0.000903,0.041175
0.643000,490.051677,20.170859,0.441706,-0.000901,0.041161
0.644000,489.866587,20.209819,0.441886,-0.000902,0.041256
0.645000,489.773717,20.229409,0.463646,-0.000947,0.041304
0.646000,489.868937,20.249299,0.441286,-0.000901,0.041336
0.647000,489.870367,20.249779,0.486296,-0.000993,0.041337
0.648000,489.965587,20.269669,0.463936,-0.000947,0.041370
0.649000,490.158887,20.310409,0.509236,-0.001039,0.041436
0.650000,490.343977,20.271449,0.509056,-0.001038,0.041341
0.651000,490.251107,20.291039,0.530816,-0.001083,0.041389
0.652000,490.539627,20.351669,0.553756,-0.001129,0.041488
0.653000,490.632496,20.332079,0.531996,-0.001084,0.041441
0.654000,490.816936,20.293339,0.575156,-0.001172,0.041346
0.655000,490.724716,20.312709,0.553576,-0.001128,0.041393
0.656000,490.819936,20.332599,0.531216,-0.001082,0.041426
0.657000,490.728496,20.352669,0.597986,-0.001219,0.041474
0.658000,490.823716,20.372559,0.575626,-0.001173,0.041507
0.659000,490.915936,20.353189,0.597206,-0.001217,0.041460
0.660000,491.011806,20.372859,0.531506,-0.001082,0.041492
0.661000,490.819936,20.332599,0.531216,-0.001082,0.041426
0.662000,490.727067,20.352189,0.552976,-0.001127,0.041474
0.663000,490.727067,20.352189,0.552976,-0.001127,0.041474
0.664000,490.727067,20.352189,0.552976,-0.001127,0.041474
0.665000,490.631847,20.332299,0.575336,-0.001173,0.041441
0.666000,490.915936,20.353189,0.597206,-0.001217,0.041460
0.667000,490.912156,20.313229,0.552796,-0.001126,0.041379
0.668000,490.915156,20.352489,0.508856,-0.001037,0.041458
0.669000,490.722637,20.312449,0.551906,-0.001125,0.041393
0.670000,490.722637,20.312449,0.551906,-0.001125,0.041393
0.671000,490.533767,20.311449,0.507676,-0.001035,0.041407
0.672000,490.438547,20.291559,0.530036,-0.001081,0.041374
0.673000,490.253457,20.330519,0.530216,-0.001082,0.041469
0.674000,490.440897,20.331039,0.529436,-0.001080,0.041455
0.675000,490.536117,20.350929,0.507076,-0.001034,0.041487
0.676000,490.628987,20.331339,0.485316,-0.000989,0.041439
0.677000,490.441547,20.330819,0.486096,-0.000991,0.041454
0.678000,490.344247,20.310669,0.506786,-0.001034,0.041421
0.679000,490.249947,20.329779,0.483536,-0.000986,0.041468
0.680000,490.062507,20.329259,0.484316,-0.000988,0.041483
0.681000,490.157727,20.349149,0.461956,-0.000942,0.041516
0.682000,490.249947,20.329779,0.483536,-0.000986,0.041468
0.683000,490.062507,20.329259,0.484316,-0.000988,0.041483
0.684000,490.250597,20.329559,0.440196,-0.000898,0.041468
0.685000,490.250597,20.329559,0.440196,-0.000898,0.041468
0.686000,490.155377,20.309669,0.462556,-0.000944,0.041435
0.687000,490.063157,20.329039,0.440976,-0.000900,0.041482
0.688000,489.970287,20.348629,0.462736,-0.000944,0.041530
0.689000,489.877417,20.368219,0.484496,-0.000989,0.041578
0.690000,490.064857,20.368739,0.483716,-0.000987,0.041563
0.691000,490.157727,20.349149,0.461956,-0.000942,0.041516
0.692000,490.157727,20.349149,0.461956,-0.000942,0.041516
0.693000,490.160727,20.388409,0.418016,-0.000853,0.041595
0.694000,490.257377,20.408779,0.440666,-0.000899,0.041629
0.695000,490.067857,20.407999,0.439776,-0.000897,0.041643
0.696000,490.067857,20.407999,0.439776,-0.000897,0.041643
0.697000,490.160727,20.388409,0.418016,-0.000853,0.041595
0.698000,490.067857,20.407999,0.439776,-0.000897,0.041643
0.699000,490.164507,20.428369,0.462426,-0.000943,0.041677
0.700000,490.067857,20.407999,0.439776,-0.000897,0.041643
0.701000,490.259727,20.448259,0.440066,-0.000898,0.041709
0.702000,490.259727,20.448259,0.440066,-0.000898,0.041709
0.703000,490.074637,20.487219,0.440246,-0.000898,0.041804
0.704000,489.982417,20.506589,0.418666,-0.000854,0.041852
0.705000,489.885767,20.486219,0.396016,-0.000808,0.041818
0.706000,490.074637,20.487219,0.440246,-0.000898,0.041804
0.707000,490.166857,20.467849,0.461826,-0.000942,0.041757
0.708000,490.262077,20.487739,0.439466,-0.000896,0.041789
0.709000,490.265077,20.526999,0.395526,-0.000807,0.041869
0.710000,490.262077,20.487739,0.439466,-0.000896,0.041789
0.711000,490.076987,20.526699,0.439646,-0.000897,0.041885
0.712000,490.076987,20.526699,0.439646,-0.000897,0.041885
0.713000,490.076987,20.526699,0.439646,-0.000897,0.041885
0.714000,490.173637,20.547069,0.462296,-0.000943,0.041918
0.715000,490.266507,20.527479,0.440536,-0.000899,0.041870
0.716000,490.358727,20.508109,0.462116,-0.000942,0.041823
0.717000,490.552947,20.587849,0.461806,-0.000941,0.041969
0.718000,490.648167,20.607739,0.439446,-0.000896,0.042001
0.719000,490.553597,20.587629,0.418466,-0.000853,0.041968
0.720000,490.837687,20.608519,0.440336,-0.000897,0.041986
0.721000,490.739607,20.587669,0.372676,-0.000759,0.041952
0.722000,490.741037,20.588149,0.417686,-0.000851,0.041953
0.723000,490.840037,20.647999,0.439736,-0.000896,0.042067
0.724000,490.838607,20.647519,0.394726,-0.000804,0.042066
0.725000,490.932907,20.628409,0.417976,-0.000851,0.042019
0.726000,490.837687,20.608519,0.440336,-0.000897,0.041986
0.727000,490.932907,20.628409,0.417976,-0.000851,0.042019
0.728000,490.935907,20.667669,0.374036,-0.000762,0.042099
0.729000,490.843037,20.687259,0.395796,-0.000806,0.042146
0.730000,490.935907,20.667669,0.374036,-0.000762,0.042099
0.731000,491.217647,20.649079,0.396506,-0.000807,0.042037
0.732000,491.219997,20.688559,0.395906,-0.000806,0.042117
0.733000,491.219997,20.688559,0.395906,-0.000806,0.042117
0.734000,491.408086,20.688859,0.351786,-0.000716,0.042101
0.735000,491.408086,20.688859,0.351786,-0.000716,0.042101
0.736000,491.408086,20.688859,0.351786,-0.000716,0.042101
0.737000,491.408086,20.688859,0.351786,-0.000716,0.042101
0.738000,491.315866,20.708229,0.330206,-0.000672,0.042149
0.739000,491.222997,20.727819,0.351966,-0.000717,0.042196
0.740000,491.315217,20.708449,0.373546,-0.000760,0.042149
0.741000,491.595527,20.689379,0.351006,-0.000714,0.042086
0.742000,491.695176,20.749009,0.329716,-0.000671,0.042199
0.743000,491.695176,20.749009,0.329716,-0.000671,0.042199
0.744000,491.788046,20.729419,0.307956,-0.000626,0.042151
0.745000,491.695176,20.749009,0.329716,-0.000671,0.042199
0.746000,491.505657,20.748229,0.328826,-0.000669,0.042214
0.747000,491.598526,20.728639,0.307066,-0.000625,0.042166
0.748000,491.506306,20.748009,0.285486,-0.000581,0.042213
0.749000,491.602956,20.768379,0.308136,-0.000627,0.042246
0.750000,491.601526,20.767899,0.263126,-0.000535,0.042245
0.751000,491.791046,20.768679,0.264016,-0.000537,0.042231
0.752000,491.601526,20.767899,0.263126,-0.000535,0.042245
0.753000,491.509306,20.787269,0.241546,-0.000491,0.042293
0.754000,491.509306,20.787269,0.241546,-0.000491,0.042293
0.755000,491.509306,20.787269,0.241546,-0.000491,0.042293
0.756000,491.412656,20.766899,0.218896,-0.000445,0.042260
0.757000,491.317437,20.747009,0.241256,-0.000491,0.042227
0.758000,491.509306,20.787269,0.241546,-0.000491,0.042293
0.759000,491.601526,20.767899,0.263126,-0.000535,0.042245
0.760000,491.509306,20.787269,0.241546,-0.000491,0.042293
0.761000,491.412656,20.766899,0.218896,-0.000445,0.042260
0.762000,491.408876,20.726939,0.174486,-0.000355,0.042179
0.763000,491.412656,20.766899,0.218896,-0.000445,0.042260
0.764000,491.320436,20.786269,0.197316,-0.000402,0.042307
0.765000,491.412656,20.766899,0.218896,-0.000445,0.042260
0.766000,491.320436,20.786269,0.197316,-0.000402,0.042307
0.767000,491.415656,20.806159,0.174956,-0.000356,0.042339
0.768000,491.226137,20.805379,0.174066,-0.000354,0.042354
0.769000,491.226787,20.805159,0.130726,-0.000266,0.042353
0.770000,491.038697,20.804859,0.174846,-0.000356,0.042369
0.771000,491.226137,20.805379,0.174066,-0.000354,0.042354
0.772000,491.034917,20.764899,0.130436,-0.000266,0.042288
0.773000,490.942047,20.784489,0.152196,-0.000310,0.042336
0.774000,490.849177,20.804079,0.173956,-0.000354,0.042384
0.775000,491.036617,20.804599,0.173176,-0.000353,0.042369
0.776000,490.944397,20.823969,0.151596,-0.000309,0.042416
0.777000,490.944397,20.823969,0.151596,-0.000309,0.042416
0.778000,490.945047,20.823749,0.108256,-0.000221,0.042416
0.779000,490.944397,20.823969,0.151596,-0.000309,0.042416
0.780000,490.847747,20.803599,0.128946,-0.000263,0.042383
0.781000,490.755527,20.822969,0.107366,-0.000219,0.042430
0.782000,490.752527,20.783709,0.151306,-0.000308,0.042351
0.783000,490.944397,20.823969,0.151596,-0.000309,0.042416
0.784000,490.944397,20.823969,0.151596,-0.000309,0.042416
0.785000,490.851527,20.843559,0.173356,-0.000353,0.042464
0.786000,490.851527,20.843559,0.173356,-0.000353,0.042464
0.787000,490.664087,20.843039,0.174136,-0.000355,0.042479
0.788000,490.659657,20.803299,0.173066,-0.000353,0.042399
0.789000,490.660307,20.803079,0.129726,-0.000264,0.042398
0.790000,490.659657,20.803299,0.173066,-0.000353,0.042399
0.791000,490.563007,20.782929,0.150416,-0.000307,0.042365
0.792000,490.754877,20.823189,0.150706,-0.000307,0.042431
0.793000,490.754877,20.823189,0.150706,-0.000307,0.042431
0.794000,490.563007,20.782929,0.150416,-0.000307,0.042365
0.795000,490.563007,20.782929,0.150416,-0.000307,0.042365
0.796000,490.563007,20.782929,0.150416,-0.000307,0.042365
0.797000,490.563007,20.782929,0.150416,-0.000307,0.042365
0.798000,490.563007,20.782929,0.150416,-0.000307,0.042365
0.799000,490.655227,20.763559,0.171996,-0.000351,0.042318
0.800000,490.655227,20.763559,0.171996,-0.000351,0.042318
0.801000,490.563007,20.782929,0.150416,-0.000307,0.042365
0.802000,490.563007,20.782929,0.150416,-0.000307,0.042365
0.803000,490.466357,20.762559,0.127766,-0.000260,0.042332
0.804000,490.281267,20.801519,0.127946,-0.000261,0.042428
0.805000,490.377917,20.821889,0.150596,-0.000307,0.042461
0.806000,490.470137,20.802519,0.172176,-0.000351,0.042413
0.807000,490.373487,20.782149,0.149526,-0.000305,0.042380
0.808000,490.563007,20.782929,0.150416,-0.000307,0.042365
0.809000,490.560927,20.782669,0.148746,-0.000303,0.042365
0.810000,490.655227,20.763559,0.171996,-0.000351,0.042318
0.811000,490.655227,20.763559,0.171996,-0.000351,0.042318
0.812000,490.563007,20.782929,0.150416,-0.000307,0.042365
0.813000,490.558577,20.743189,0.149346,-0.000304,0.042285
0.814000,490.466357,20.762559,0.127766,-0.000260,0.042332
0.815000,490.843317,20.763859,0.127876,-0.000261,0.042302
0.816000,490.748097,20.743969,0.150236,-0.000306,0.042270
0.817000,490.651447,20.723599,0.127586,-0.000260,0.042237
0.818000,490.746667,20.743489,0.105226,-0.000214,0.042269
0.819000,490.935537,20.744489,0.149456,-0.000304,0.042255
0.820000,490.843317,20.763859,0.127876,-0.000261,0.042302
0.821000,490.843317,20.763859,0.127876,-0.000261,0.042302
0.822000,490.938537,20.783749,0.105516,-0.000215,0.042335
0.823000,490.746667,20.743489,0.105226,-0.000214,0.042269
0.824000,490.839537,20.723899,0.083466,-0.000170,0.042221
0.825000,491.028407,20.724899,0.127696,-0.000260,0.042207
0.826000,491.123627,20.744789,0.105336,-0.000214,0.042239
0.827000,491.031407,20.764159,0.083756,-0.000171,0.042287
0.828000,490.938537,20.783749,0.105516,-0.000215,0.042335
0.829000,491.031407,20.764159,0.083756,-0.000171,0.042287
0.830000,491.219497,20.764459,0.039636,-0.000081,0.042271
0.831000,491.031407,20.764159,0.083756,-0.000171,0.042287
0.832000,491.126627,20.784049,0.061396,-0.000125,0.042319
0.833000,491.408367,20.765459,0.083866,-0.000171,0.042257
0.834000,491.407587,20.764759,-0.004484,0.000009,0.042256
0.835000,491.406937,20.764979,0.038856,-0.000079,0.042256
0.836000,491.222497,20.803719,-0.004304,0.000009,0.042351
0.837000,491.314717,20.784349,0.017276,-0.000035,0.042304
0.838000,491.411367,20.804719,0.039926,-0.000081,0.042337
0.839000,491.221847,20.803939,0.039036,-0.000079,0.042351
0.840000,491.406937,20.764979,0.038856,-0.000079,0.042256
0.841000,491.596457,20.765759,0.039746,-0.000081,0.042241
0.842000,491.691677,20.785649,0.017386,-0.000035,0.042274
0.843000,491.786897,20.805539,-0.004974,0.000010,0.042306
0.844000,491.786897,20.805539,-0.004974,0.000010,0.042306
0.845000,491.694677,20.824909,-0.026554,0.000054,0.042353
0.846000,491.601807,20.844499,-0.004794,0.000010,0.042401
0.847000,491.791326,20.845279,-0.003904,0.000008,0.042386
0.848000,491.694677,20.824909,-0.026554,0.000054,0.042353
0.849000,491.789897,20.844799,-0.048914,0.000099,0.042386
0.850000,492.071636,20.826209,-0.026444,0.000054,0.042324
0.851000,492.165426,20.845619,-0.093814,0.000191,0.042355
0.852000,492.166856,20.846099,-0.048804,0.000099,0.042356
0.853000,491.977337,20.845319,-0.049694,0.000101,0.042370
0.854000,492.070206,20.825729,-0.071454,0.000145,0.042323
0.855000,492.074636,20.865469,-0.070384,0.000143,0.042403
0.856000,492.074636,20.865469,-0.070384,0.000143,0.042403
0.857000,492.262076,20.865989,-0.071164,0.000145,0.042388
0.858000,492.169856,20.885359,-0.092744,0.000188,0.042435
0.859000,492.266506,20.905729,-0.070094,0.000142,0.042468
0.860000,492.262076,20.865989,-0.071164,0.000145,0.042388
0.861000,492.073206,20.864989,-0.115394,0.000235,0.042402
0.862000,491.980986,20.884359,-0.136974,0.000278,0.042450
0.863000,491.789117,20.844099,-0.137264,0.000279,0.042384
0.864000,491.696896,20.863469,-0.158844,0.000323,0.042432
0.865000,491.699247,20.902949,-0.159444,0.000324,0.042512
0.866000,491.791467,20.883579,-0.137864,0.000280,0.042464
0.867000,491.884337,20.863989,-0.159624,0.000325,0.042416
0.868000,491.699247,20.902949,-0.159444,0.000324,0.042512
0.869000,491.696247,20.863689,-0.115504,0.000235,0.042432
0.870000,491.507377,20.862689,-0.159734,0.000325,0.042446
0.871000,491.322287,20.901649,-0.159554,0.000325,0.042542
0.872000,491.415157,20.882059,-0.181314,0.000369,0.042494
0.873000,491.415157,20.882059,-0.181314,0.000369,0.042494
0.874000,491.322937,20.901429,-0.202894,0.000413,0.042541
0.875000,491.510377,20.901949,-0.203674,0.000414,0.042526
0.876000,491.413727,20.881579,-0.226324,0.000461,0.042493
0.877000,491.321507,20.900949,-0.247904,0.000505,0.042540
0.878000,491.133417,20.900649,-0.203784,0.000415,0.042556
0.879000,491.133417,20.900649,-0.203784,0.000415,0.042556
0.880000,491.228637,20.920539,-0.226144,0.000460,0.042588
0.881000,491.133417,20.900649,-0.203784,0.000415,0.042556
0.882000,491.228637,20.920539,-0.226144,0.000460,0.042588
0.883000,491.039767,20.919539,-0.270374,0.000551,0.042603
0.884000,491.039767,20.919539,-0.270374,0.000551,0.042603
0.885000,491.227857,20.919839,-0.314494,0.000640,0.042587
0.886000,491.039767,20.919539,-0.270374,0.000551,0.042603
0.887000,491.039767,20.919539,-0.270374,0.000551,0.042603
0.888000,491.231637,20.959799,-0.270084,0.000550,0.042668
0.889000,491.042767,20.958799,-0.314314,0.000640,0.042682
0.890000,491.042767,20.958799,-0.314314,0.000640,0.042682
0.891000,491.137987,20.978689,-0.336674,0.000685,0.042714
0.892000,491.326857,20.979689,-0.292444,0.000595,0.042700
0.893000,491.326857,20.979689,-0.292444,0.000595,0.042700
0.894000,491.422077,20.999579,-0.314804,0.000641,0.042732
0.895000,491.233207,20.998579,-0.359034,0.000731,0.042747
0.896000,491.234637,20.999059,-0.314024,0.000639,0.042748
0.897000,491.234637,20.999059,-0.314024,0.000639,0.042748
0.898000,491.329857,21.018949,-0.336384,0.000685,0.042780
0.899000,491.327507,20.979469,-0.335784,0.000683,0.042700
0.900000,491.519377,21.019729,-0.335494,0.000683,0.042765
0.901000,491.521727,21.059209,-0.336094,0.000684,0.042845
0.902000,491.332857,21.058209,-0.380324,0.000774,0.042859
0.903000,491.614596,21.039619,-0.357854,0.000728,0.042797
0.904000,491.427156,21.039099,-0.357074,0.000727,0.042812
0.905000,491.237637,21.038319,-0.357964,0.000729,0.042827
0.906000,491.332207,21.058429,-0.336984,0.000686,0.042860
0.907000,491.429507,21.078579,-0.357674,0.000728,0.042892
0.908000,491.614596,21.039619,-0.357854,0.000728,0.042797
0.909000,491.524727,21.098469,-0.380034,0.000773,0.042925
0.910000,491.524727,21.098469,-0.380034,0.000773,0.042925
0.911000,491.526156,21.098949,-0.335024,0.000682,0.042925
0.912000,491.432507,21.117839,-0.401614,0.000817,0.042972
0.913000,491.339637,21.137429,-0.379854,0.000773,0.043020
0.914000,491.337287,21.097949,-0.379254,0.000772,0.042940
0.915000,491.433936,21.118319,-0.356604,0.000726,0.042973
0.916000,491.620727,21.119059,-0.314044,0.000639,0.042958
0.917000,491.621376,21.118839,-0.357384,0.000727,0.042958
0.918000,491.621376,21.118839,-0.357384,0.000727,0.042958
0.919000,491.624376,21.158099,-0.401324,0.000816,0.043037
0.920000,491.339637,21.137429,-0.379854,0.000773,0.043020
0.921000,491.339637,21.137429,-0.379854,0.000773,0.043020
0.922000,491.339637,21.137429,-0.379854,0.000773,0.043020
0.923000,491.244417,21.117539,-0.357494,0.000728,0.042988
0.924000,491.336637,21.098169,-0.335914,0.000684,0.042940
0.925000,491.244417,21.117539,-0.357494,0.000728,0.042988
0.926000,491.336637,21.098169,-0.335914,0.000684,0.042940
0.927000,491.339637,21.137429,-0.379854,0.000773,0.043020
0.928000,491.244417,21.117539,-0.357494,0.000728,0.042988
0.929000,491.244417,21.117539,-0.357494,0.000728,0.042988
0.930000,491.244417,21.117539,-0.357494,0.000728,0.042988
0.931000,491.147767,21.097169,-0.380144,0.000774,0.042955
0.932000,491.244417,21.117539,-0.357494,0.000728,0.042988
0.933000,491.242067,21.078059,-0.356894,0.000727,0.042908
0.934000,491.337287,21.097949,-0.379254,0.000772,0.042940
0.935000,491.337287,21.097949,-0.379254,0.000772,0.042940
0.936000,491.242987,21.117059,-0.402504,0.000819,0.042987
0.937000,491.055547,21.116539,-0.401724,0.000818,0.043002
0.938000,491.054897,21.116759,-0.358384,0.000730,0.043003
0.939000,491.054897,21.116759,-0.358384,0.000730,0.043003
0.940000,491.151547,21.137129,-0.335734,0.000684,0.043036
0.941000,491.147117,21.097389,-0.336804,0.000686,0.042955
0.942000,491.239987,21.077799,-0.358564,0.000730,0.042907
0.943000,491.335207,21.097689,-0.380924,0.000775,0.042940
0.944000,491.240637,21.077579,-0.401904,0.000818,0.042907
0.945000,491.147767,21.097169,-0.380144,0.000774,0.042955
0.946000,490.958247,21.096389,-0.381034,0.000776,0.042970
0.947000,490.863677,21.076279,-0.402014,0.000819,0.042937
0.948000,490.958897,21.096169,-0.424374,0.000864,0.042969
0.949000,491.051117,21.076799,-0.402794,0.000820,0.042922
0.950000,490.862247,21.075799,-0.447024,0.000911,0.042936
0.951000,491.051117,21.076799,-0.402794,0.000820,0.042922
0.952000,491.047337,21.036839,-0.447204,0.000911,0.042841
0.953000,490.767027,21.055909,-0.424664,0.000865,0.042904
0.954000,490.670377,21.035539,-0.447314,0.000912,0.042871
0.955000,490.480857,21.034759,-0.448204,0.000914,0.042886
0.956000,490.578157,21.054909,-0.468894,0.000956,0.042919
0.957000,490.574507,21.015869,-0.381614,0.000778,0.042839
0.958000,490.575157,21.015649,-0.424954,0.000866,0.042839
0.959000,490.666597,20.995579,-0.491724,0.001002,0.042790
0.960000,490.573727,21.015169,-0.469964,0.000958,0.042838
0.961000,490.477077,20.994799,-0.492614,0.001004,0.042805
0.962000,490.381857,20.974909,-0.470254,0.000959,0.042773
0.963000,490.384857,21.014169,-0.514194,0.001049,0.042852
0.964000,490.291987,21.033759,-0.492434,0.001004,0.042900
0.965000,490.194417,20.974389,-0.469474,0.000958,0.042788
0.966000,490.289637,20.994279,-0.491834,0.001003,0.042820
0.967000,490.381857,20.974909,-0.470254,0.000959,0.042773
0.968000,490.285207,20.954539,-0.492904,0.001005,0.042739
0.969000,490.097767,20.954019,-0.492124,0.001004,0.042755
0.970000,489.908247,20.953239,-0.493014,0.001006,0.042770
0.971000,490.001117,20.933649,-0.514774,0.001051,0.042722
0.972000,489.812247,20.932649,-0.559004,0.001141,0.042736
0.973000,489.717027,20.912759,-0.536644,0.001096,0.042704
0.974000,489.902117,20.873799,-0.536824,0.001096,0.042608
0.975000,489.998767,20.894169,-0.514174,0.001049,0.042641
0.976000,489.902117,20.873799,-0.536824,0.001096,0.042608
0.977000,489.809247,20.893389,-0.515064,0.001052,0.042656
0.978000,489.902117,20.873799,-0.536824,0.001096,0.042608
0.979000,489.902117,20.873799,-0.536824,0.001096,0.042608
0.980000,489.902117,20.873799,-0.536824,0.001096,0.042608
0.981000,489.902117,20.873799,-0.536824,0.001096,0.042608
0.982000,489.897687,20.834059,-0.537894,0.001098,0.042527
0.983000,489.897687,20.834059,-0.537894,0.001098,0.042527
0.984000,489.991987,20.814949,-0.514644,0.001050,0.042480
0.985000,489.991987,20.814949,-0.514644,0.001050,0.042480
0.986000,490.180077,20.815249,-0.558764,0.001140,0.042464
0.987000,490.180077,20.815249,-0.558764,0.001140,0.042464
0.988000,489.990557,20.814469,-0.559654,0.001142,0.042479
0.989000,489.990557,20.814469,-0.559654,0.001142,0.042479
0.990000,489.983777,20.735249,-0.560124,0.001143,0.042318
0.991000,490.080427,20.755619,-0.537474,0.001097,0.042351
0.992000,490.173297,20.736029,-0.559234,0.001141,0.042303
0.993000,490.172647,20.736249,-0.515894,0.001052,0.042304
0.994000,490.080427,20.755619,-0.537474,0.001097,0.042351
0.995000,490.083427,20.794879,-0.581414,0.001186,0.042431
0.996000,489.891557,20.754619,-0.581704,0.001187,0.042366
0.997000,489.983777,20.735249,-0.560124,0.001143,0.042318
0.998000,490.078997,20.755139,-0.582484,0.001189,0.042351
0.999000,490.076647,20.715659,-0.581884,0.001187,0.042270
1.000000,490.265517,20.716659,-0.537654,0.001097,0.042256
1.001000,490.264087,20.716179,-0.582664,0.001188,0.042255
1.002000,490.264087,20.716179,-0.582664,0.001188,0.042255
1.003000,490.267087,20.755439,-0.626604,0.001278,0.042335
1.004000,490.359307,20.736069,-0.605024,0.001234,0.042288
1.005000,490.363087,20.776029,-0.560614,0.001143,0.042369
1.006000,490.548177,20.737069,-0.560794,0.001143,0.042273
1.007000,490.455957,20.756439,-0.582374,0.001187,0.042321
1.008000,490.548827,20.736849,-0.604134,0.001232,0.042273
1.009000,490.641047,20.717479,-0.582554,0.001187,0.042225
1.010000,490.829137,20.717779,-0.626674,0.001277,0.042210
1.011000,490.739267,20.776629,-0.648854,0.001322,0.042337
1.012000,490.739267,20.776629,-0.648854,0.001322,0.042337
1.013000,490.642617,20.756259,-0.671504,0.001369,0.042304
1.014000,490.644047,20.756739,-0.626494,0.001277,0.042305
1.015000,490.831487,20.757259,-0.627274,0.001278,0.042290
1.016000,490.928137,20.777629,-0.604624,0.001232,0.042323
1.017000,490.931137,20.816889,-0.648564,0.001321,0.042403
1.018000,491.116227,20.777929,-0.648744,0.001321,0.042308
1.019000,491.120657,20.817669,-0.647674,0.001319,0.042388
1.020000,491.123007,20.857149,-0.648274,0.001320,0.042468
1.021000,491.215877,20.837559,-0.670034,0.001364,0.042420
1.022000,491.119227,20.817189,-0.692684,0.001410,0.042387
1.023000,491.026357,20.836779,-0.670924,0.001366,0.042435
1.024000,491.215877,20.837559,-0.670034,0.001364,0.042420
1.025000,491.403967,20.837859,-0.714154,0.001453,0.042405
1.026000,491.403967,20.837859,-0.714154,0.001453,0.042405
1.027000,491.499187,20.857749,-0.736514,0.001499,0.042437
1.028000,491.499187,20.857749,-0.736514,0.001499,0.042437
1.029000,491.403967,20.837859,-0.714154,0.001453,0.042405
1.030000,491.406317,20.877339,-0.714754,0.001455,0.042485
1.031000,491.406967,20.877119,-0.758094,0.001543,0.042484
1.032000,491.499187,20.857749,-0.736514,0.001499,0.042437
1.033000,491.591407,20.838379,-0.714934,0.001454,0.042390
1.034000,491.688057,20.858749,-0.692284,0.001408,0.042423
1.035000,491.691057,20.898009,-0.736224,0.001497,0.042502
1.036000,491.598837,20.917379,-0.757804,0.001542,0.042550
1.037000,491.598837,20.917379,-0.757804,0.001542,0.042550
1.038000,491.598837,20.917379,-0.757804,0.001542,0.042550
1.039000,491.594407,20.877639,-0.758874,0.001544,0.042469
1.040000,491.594407,20.877639,-0.758874,0.001544,0.042469
1.041000,491.594407,20.877639,-0.758874,0.001544,0.042469
1.042000,491.594407,20.877639,-0.758874,0.001544,0.042469
1.043000,491.685847,20.857569,-0.825644,0.001679,0.042421
1.044000,491.590627,20.837679,-0.803284,0.001634,0.042388
1.045000,491.402537,20.837379,-0.759164,0.001545,0.042404
1.046000,491.305887,20.817009,-0.781814,0.001591,0.042371
1.047000,491.305887,20.817009,-0.781814,0.001591,0.042371
1.048000,491.305887,20.817009,-0.781814,0.001591,0.042371
1.049000,491.305887,20.817009,-0.781814,0.001591,0.042371
1.050000,491.398107,20.797639,-0.760234,0.001547,0.042323
1.051000,491.305887,20.817009,-0.781814,0.001591,0.042371
1.052000,491.398757,20.797419,-0.803574,0.001635,0.042323
1.053000,491.302107,20.777049,-0.826224,0.001682,0.042290
1.054000,491.112587,20.776269,-0.827114,0.001684,0.042304
1.055000,491.116367,20.816229,-0.782704,0.001594,0.042386
1.056000,491.024147,20.835599,-0.804284,0.001638,0.042433
1.057000,491.117017,20.816009,-0.826044,0.001682,0.042385
1.058000,491.209237,20.796639,-0.804464,0.001638,0.042338
1.059000,491.212237,20.835899,-0.848404,0.001727,0.042417
1.060000,491.116367,20.816229,-0.782704,0.001594,0.042386
1.061000,491.117017,20.816009,-0.826044,0.001682,0.042385
1.062000,490.927497,20.815229,-0.826934,0.001684,0.042400
1.063000,490.830847,20.794859,-0.849584,0.001731,0.042367
1.064000,490.830847,20.794859,-0.849584,0.001731,0.042367
1.065000,490.737977,20.814449,-0.827824,0.001687,0.042415
1.066000,490.830847,20.794859,-0.849584,0.001731,0.042367
1.067000,490.923717,20.775269,-0.871344,0.001775,0.042319
1.068000,490.734197,20.774489,-0.872234,0.001777,0.042333
1.069000,490.734197,20.774489,-0.872234,0.001777,0.042333
1.070000,490.734847,20.774269,-0.915574,0.001866,0.042333
1.071000,490.641977,20.793859,-0.893814,0.001822,0.042381
1.072000,490.453887,20.793559,-0.849694,0.001732,0.042397
1.073000,490.453887,20.793559,-0.849694,0.001732,0.042397
1.074000,490.546757,20.773969,-0.871454,0.001776,0.042349
1.075000,490.549107,20.813449,-0.872054,0.001778,0.042429
1.076000,490.549107,20.813449,-0.872054,0.001778,0.042429
1.077000,490.641977,20.793859,-0.893814,0.001822,0.042381
1.078000,490.549107,20.813449,-0.872054,0.001778,0.042429
1.079000,490.361667,20.812929,-0.871274,0.001777,0.042444
1.080000,490.268797,20.832519,-0.849514,0.001733,0.042492
1.081000,490.458317,20.833299,-0.848624,0.001730,0.042477
1.082000,490.549107,20.813449,-0.872054,0.001778,0.042429
1.083000,490.549107,20.813449,-0.872054,0.001778,0.042429
1.084000,490.549107,20.813449,-0.872054,0.001778,0.042429
1.085000,490.645757,20.833819,-0.849404,0.001731,0.042462
1.086000,490.460667,20.872779,-0.849224,0.001731,0.042557
1.087000,490.175147,20.851409,-0.916104,0.001869,0.042539
1.088000,490.175147,20.851409,-0.916104,0.001869,0.042539
1.089000,490.271797,20.871779,-0.893454,0.001822,0.042572
1.090000,490.367017,20.891669,-0.915814,0.001868,0.042604
1.091000,490.459237,20.872299,-0.894234,0.001823,0.042557
1.092000,490.367017,20.891669,-0.915814,0.001868,0.042604
1.093000,490.461317,20.872559,-0.892564,0.001820,0.042557
1.094000,490.364667,20.852189,-0.915214,0.001866,0.042524
1.095000,490.556537,20.892449,-0.914924,0.001865,0.042589
1.096000,490.466667,20.951299,-0.937104,0.001911,0.042717
1.097000,490.274797,20.911039,-0.937394,0.001912,0.042652
1.098000,490.274797,20.911039,-0.937394,0.001912,0.042652
1.099000,490.556537,20.892449,-0.914924,0.001865,0.042589
1.100000,490.651757,20.912339,-0.937284,0.001910,0.042622
1.101000,490.559537,20.931709,-0.958864,0.001955,0.042669
1.102000,490.467317,20.951079,-0.980444,0.001999,0.042717
1.103000,490.559537,20.931709,-0.958864,0.001955,0.042669
1.104000,490.469667,20.990559,-0.981044,0.002000,0.042797
1.105000,490.374447,20.970669,-0.958684,0.001955,0.042765
1.106000,490.469667,20.990559,-0.981044,0.002000,0.042797
1.107000,490.561887,20.971189,-0.959464,0.001956,0.042749
1.108000,490.559537,20.931709,-0.958864,0.001955,0.042669
1.109000,490.559537,20.931709,-0.958864,0.001955,0.042669
1.110000,490.755837,21.011709,-0.957504,0.001951,0.042815
1.111000,490.566967,21.010709,-1.001734,0.002042,0.042829
1.112000,490.566317,21.010929,-0.958394,0.001954,0.042830
1.113000,490.663617,21.031079,-0.979084,0.001995,0.042863
1.114000,490.662967,21.031299,-0.935744,0.001907,0.042863
1.115000,490.663617,21.031079,-0.979084,0.001995,0.042863
1.116000,490.756487,21.011489,-1.000844,0.002039,0.042814
1.117000,490.754407,21.011229,-1.002514,0.002043,0.042814
1.118000,490.758837,21.050969,-1.001444,0.002041,0.042895
1.119000,490.663617,21.031079,-0.979084,0.001995,0.042863
1.120000,490.667397,21.071039,-0.934674,0.001905,0.042944
1.121000,490.570747,21.050669,-0.957324,0.001951,0.042911
1.122000,490.574527,21.090629,-0.912914,0.001861,0.042992
1.123000,490.762617,21.090929,-0.957034,0.001950,0.042976
1.124000,490.855487,21.071339,-0.978794,0.001994,0.042928
1.125000,490.855487,21.071339,-0.978794,0.001994,0.042928
1.126000,491.047357,21.111599,-0.978504,0.001993,0.042993
1.127000,490.767047,21.130669,-0.955964,0.001948,0.043056
1.128000,490.767047,21.130669,-0.955964,0.001948,0.043056
1.129000,490.670397,21.110299,-0.978614,0.001994,0.043023
1.130000,490.581957,21.169629,-0.955784,0.001948,0.043152
1.131000,490.486737,21.149739,-0.933424,0.001903,0.043120
1.132000,490.581957,21.169629,-0.955784,0.001948,0.043152
1.133000,490.676257,21.150519,-0.932534,0.001901,0.043105
1.134000,490.863697,21.151039,-0.933314,0.001901,0.043089
1.135000,490.678607,21.189999,-0.933134,0.001902,0.043185
1.136000,490.771477,21.170409,-0.954894,0.001946,0.043137
1.137000,490.678607,21.189999,-0.933134,0.001902,0.043185
1.138000,490.586387,21.209369,-0.954714,0.001946,0.043233
1.139000,490.586387,21.209369,-0.954714,0.001946,0.043233
1.140000,490.773827,21.209889,-0.955494,0.001947,0.043217
1.141000,490.773827,21.209889,-0.955494,0.001947,0.043217
1.142000,490.778257,21.249629,-0.954424,0.001945,0.043298
1.143000,490.782687,21.289369,-0.953354,0.001943,0.043378
1.144000,490.782687,21.289369,-0.953354,0.001943,0.043378
1.145000,490.782687,21.289369,-0.953354,0.001943,0.043378
1.146000,490.689817,21.308959,-0.931594,0.001899,0.043427
1.147000,490.782687,21.289369,-0.953354,0.001943,0.043378
1.148000,490.785037,21.328849,-0.953954,0.001944,0.043459
1.149000,490.786467,21.329329,-0.908944,0.001852,0.043459
1.150000,490.788817,21.368809,-0.909544,0.001853,0.043540
1.151000,490.788817,21.368809,-0.909544,0.001853,0.043540
1.152000,490.886116,21.388959,-0.930234,0.001895,0.043572
1.153000,490.789466,21.368589,-0.952884,0.001942,0.043539
1.154000,490.697246,21.387959,-0.974464,0.001986,0.043587
1.155000,490.511507,21.427139,-0.930944,0.001898,0.043683
1.156000,490.511507,21.427139,-0.930944,0.001898,0.043683
1.157000,490.701026,21.427919,-0.930054,0.001895,0.043668
1.158000,490.797676,21.448289,-0.907404,0.001849,0.043701
1.159000,490.797676,21.448289,-0.907404,0.001849,0.043701
1.160000,490.800026,21.487769,-0.908004,0.001850,0.043781
1.161000,490.800026,21.487769,-0.908004,0.001850,0.043781
1.162000,490.800026,21.487769,-0.908004,0.001850,0.043781
1.163000,490.800026,21.487769,-0.908004,0.001850,0.043781
1.164000,490.803806,21.527729,-0.863594,0.001760,0.043862
1.165000,490.896676,21.508139,-0.885354,0.001804,0.043814
1.166000,491.088546,21.548399,-0.885064,0.001802,0.043879
1.167000,491.185196,21.568769,-0.862414,0.001756,0.043912
1.168000,491.185196,21.568769,-0.862414,0.001756,0.043912
1.169000,491.000106,21.607729,-0.862234,0.001756,0.044008
1.170000,491.095326,21.627619,-0.884594,0.001801,0.044040
1.171000,490.998676,21.607249,-0.907244,0.001848,0.044007
1.172000,491.095326,21.627619,-0.884594,0.001801,0.044040
1.173000,491.191976,21.647989,-0.861944,0.001755,0.044072
1.174000,491.097676,21.667099,-0.885194,0.001802,0.044120
1.175000,491.194326,21.687469,-0.862544,0.001756,0.044153
1.176000,491.099106,21.667579,-0.840184,0.001711,0.044121
1.177000,491.099106,21.667579,-0.840184,0.001711,0.044121
1.178000,491.196676,21.726949,-0.863144,0.001757,0.044233
1.179000,491.197326,21.726729,-0.906484,0.001845,0.044232
1.180000,491.197326,21.726729,-0.906484,0.001845,0.044232
1.181000,491.108886,21.786059,-0.883654,0.001799,0.044361
1.182000,491.109536,21.785839,-0.926994,0.001888,0.044360
1.183000,491.393626,21.806729,-0.905124,0.001842,0.044377
1.184000,491.300756,21.826319,-0.883364,0.001798,0.044426
1.185000,491.301406,21.826099,-0.926704,0.001886,0.044425
1.186000,491.301406,21.826099,-0.926704,0.001886,0.044425
1.187000,491.303756,21.865579,-0.927304,0.001887,0.044505
1.188000,491.400406,21.885949,-0.904654,0.001841,0.044538
1.189000,491.400406,21.885949,-0.904654,0.001841,0.044538
1.190000,491.400406,21.885949,-0.904654,0.001841,0.044538
1.191000,491.500056,21.945579,-0.925944,0.001884,0.044650
1.192000,491.500056,21.945579,-0.925944,0.001884,0.044650
1.193000,491.595276,21.965469,-0.948304,0.001929,0.044682
1.194000,491.502406,21.985059,-0.926544,0.001885,0.044730
1.195000,491.506836,22.024799,-0.925474,0.001883,0.044811
1.196000,491.599706,22.005209,-0.947234,0.001927,0.044762
1.197000,491.603486,22.045169,-0.902824,0.001836,0.044843
1.198000,491.414616,22.044169,-0.947054,0.001927,0.044859
1.199000,491.603486,22.045169,-0.902824,0.001836,0.044843
1.200000,491.698706,22.065059,-0.925184,0.001882,0.044875
1.201000,491.606486,22.084429,-0.946764,0.001926,0.044923
1.202000,491.514266,22.103799,-0.968344,0.001970,0.044971
1.203000,491.514266,22.103799,-0.968344,0.001970,0.044971
1.204000,491.514266,22.103799,-0.968344,0.001970,0.044971
1.205000,491.514266,22.103799,-0.968344,0.001970,0.044971
1.206000,491.518696,22.143539,-0.967274,0.001968,0.045051
1.207000,491.610916,22.124169,-0.945694,0.001924,0.045003
1.208000,491.514266,22.103799,-0.968344,0.001970,0.044971
1.209000,491.706136,22.144059,-0.968054,0.001969,0.045035
1.210000,491.613916,22.163429,-0.989634,0.002013,0.045083
1.211000,491.424396,22.162649,-0.990524,0.002016,0.045099
1.212000,491.332176,22.182019,-1.012104,0.002060,0.045147
1.213000,491.425046,22.162429,-1.033864,0.002104,0.045098
1.214000,491.427396,22.201909,-1.034464,0.002105,0.045178
1.215000,491.332176,22.182019,-1.012104,0.002060,0.045147
1.216000,491.521046,22.183019,-0.967874,0.001969,0.045131
1.217000,491.520266,22.182319,-1.056224,0.002149,0.045130
1.218000,491.520266,22.182319,-1.056224,0.002149,0.045130
1.219000,491.517266,22.143059,-1.012284,0.002060,0.045050
1.220000,491.425046,22.162429,-1.033864,0.002104,0.045098
1.221000,491.520266,22.182319,-1.056224,0.002149,0.045130
1.222000,491.328396,22.142059,-1.056514,0.002150,0.045066
1.223000,491.420616,22.122689,-1.034934,0.002106,0.045018
1.224000,491.515836,22.142579,-1.057294,0.002151,0.045050
1.225000,491.420616,22.122689,-1.034934,0.002106,0.045018
1.226000,491.323966,22.102319,-1.057584,0.002153,0.044985
1.227000,491.228746,22.082429,-1.035224,0.002107,0.044953
1.228000,491.416186,22.082949,-1.036004,0.002108,0.044937
1.229000,491.416186,22.082949,-1.036004,0.002108,0.044937
1.230000,491.317186,22.023099,-1.058054,0.002154,0.044825
1.231000,491.317186,22.023099,-1.058054,0.002154,0.044825
1.232000,491.317186,22.023099,-1.058054,0.002154,0.044825
1.233000,491.312756,21.983359,-1.059124,0.002156,0.044744
1.234000,491.217536,21.963469,-1.036764,0.002111,0.044712
1.235000,491.404976,21.963989,-1.037544,0.002111,0.044696
1.236000,491.312756,21.983359,-1.059124,0.002156,0.044744
1.237000,491.028666,21.962469,-1.080994,0.002201,0.044727
1.238000,490.932016,21.942099,-1.103644,0.002248,0.044695
1.239000,491.024236,21.922729,-1.082064,0.002204,0.044647
1.240000,491.024236,21.922729,-1.082064,0.002204,0.044647
1.241000,490.927586,21.902359,-1.104714,0.002250,0.044614
1.242000,490.927586,21.902359,-1.104714,0.002250,0.044614
1.243000,491.019806,21.882989,-1.083134,0.002206,0.044566
1.244000,490.923156,21.862619,-1.105784,0.002252,0.044534
1.245000,490.735716,21.862099,-1.105004,0.002252,0.044550
1.246000,490.639066,21.841729,-1.127654,0.002298,0.044517
1.247000,490.447196,21.801469,-1.127944,0.002300,0.044452
1.248000,490.447196,21.801469,-1.127944,0.002300,0.044452
1.249000,490.639066,21.841729,-1.127654,0.002298,0.044517
1.250000,490.450196,21.840729,-1.171884,0.002389,0.044532
1.251000,490.350547,21.781099,-1.150594,0.002346,0.044419
1.252000,490.253897,21.760729,-1.173244,0.002393,0.044387
1.253000,490.253897,21.760729,-1.173244,0.002393,0.044387
1.254000,490.065027,21.759729,-1.217474,0.002484,0.044402
1.255000,490.157247,21.740359,-1.195894,0.002440,0.044354
1.256000,490.157247,21.740359,-1.195894,0.002440,0.044354
1.257000,490.152817,21.700619,-1.196964,0.002442,0.044273
1.258000,490.060597,21.719989,-1.218544,0.002487,0.044321
1.259000,489.963947,21.699619,-1.241194,0.002533,0.044288
1.260000,490.060597,21.719989,-1.218544,0.002487,0.044321
1.261000,489.966947,21.738879,-1.285134,0.002623,0.044368
1.262000,489.775077,21.698619,-1.285424,0.002625,0.044303
1.263000,489.777427,21.738099,-1.286024,0.002626,0.044384
1.264000,489.775077,21.698619,-1.285424,0.002625,0.044303
1.265000,489.962517,21.699139,-1.286204,0.002625,0.044287
1.266000,489.962517,21.699139,-1.286204,0.002625,0.044287
1.267000,489.963167,21.698919,-1.329544,0.002714,0.044287
1.268000,489.866517,21.678549,-1.352194,0.002760,0.044254
1.269000,489.681427,21.717509,-1.352014,0.002761,0.044350
1.270000,489.681427,21.717509,-1.352014,0.002761,0.044350
1.271000,489.584777,21.697139,-1.374664,0.002808,0.044317
1.272000,489.676997,21.677769,-1.353084,0.002763,0.044270
1.273000,489.866517,21.678549,-1.352194,0.002760,0.044254
1.274000,489.865087,21.678069,-1.397204,0.002852,0.044253
1.275000,489.868087,21.717329,-1.441144,0.002942,0.044333
1.276000,489.868087,21.717329,-1.441144,0.002942,0.044333
1.277000,490.149827,21.698739,-1.418674,0.002894,0.044270
1.278000,489.964737,21.737699,-1.418494,0.002895,0.044366
1.279000,489.871867,21.757289,-1.396734,0.002851,0.044414
1.280000,489.871867,21.757289,-1.396734,0.002851,0.044414
1.281000,489.964737,21.737699,-1.418494,0.002895,0.044366
1.282000,489.872517,21.757069,-1.440074,0.002940,0.044414
1.283000,490.061387,21.758069,-1.395844,0.002848,0.044399
1.284000,490.249477,21.758369,-1.439964,0.002937,0.044382
1.285000,490.249477,21.758369,-1.439964,0.002937,0.044382
1.286000,490.344697,21.778259,-1.462324,0.002982,0.044414
1.287000,490.248047,21.757889,-1.484974,0.003029,0.044381
1.288000,490.344697,21.778259,-1.462324,0.002982,0.044414
1.289000,490.344697,21.778259,-1.462324,0.002982,0.044414
1.290000,490.347697,21.817519,-1.506264,0.003072,0.044494
1.291000,490.632436,21.838189,-1.527734,0.003114,0.044510
1.292000,490.724656,21.818819,-1.506154,0.003069,0.044462
1.293000,490.725306,21.818599,-1.549494,0.003158,0.044462
1.294000,490.727656,21.858079,-1.550094,0.003159,0.044542
1.295000,490.723227,21.818339,-1.551164,0.003161,0.044462
1.296000,490.630357,21.837929,-1.529404,0.003117,0.044510
1.297000,490.822876,21.877969,-1.572454,0.003204,0.044574
1.298000,491.007966,21.839009,-1.572634,0.003203,0.044478
1.299000,491.104616,21.859379,-1.549984,0.003156,0.044511
1.300000,491.104616,21.859379,-1.549984,0.003156,0.044511
1.301000,491.199836,21.879269,-1.572344,0.003201,0.044543
1.302000,491.199836,21.879269,-1.572344,0.003201,0.044543
1.303000,491.204266,21.919009,-1.571274,0.003199,0.044623
1.304000,491.202836,21.918529,-1.616284,0.003290,0.044622
1.305000,491.199836,21.879269,-1.572344,0.003201,0.044543
1.306000,491.392356,21.919309,-1.615394,0.003287,0.044607
1.307000,491.487576,21.939199,-1.637754,0.003332,0.044638
1.308000,491.676446,21.940199,-1.593524,0.003241,0.044623
1.309000,491.771666,21.960089,-1.615884,0.003286,0.044655
1.310000,491.771666,21.960089,-1.615884,0.003286,0.044655
1.311000,491.486926,21.939419,-1.594414,0.003244,0.044639
1.312000,491.489926,21.978679,-1.638354,0.003333,0.044718
1.313000,491.489926,21.978679,-1.638354,0.003333,0.044718
1.314000,491.771666,21.960089,-1.615884,0.003286,0.044655
1.315000,491.776096,21.999829,-1.614814,0.003284,0.044735
1.316000,491.679446,21.979459,-1.637464,0.003330,0.044703
1.317000,491.871316,22.019719,-1.637174,0.003328,0.044767
1.318000,491.774666,21.999349,-1.659824,0.003375,0.044735
1.319000,491.682446,22.018719,-1.681404,0.003420,0.044782
1.320000,491.682446,22.018719,-1.681404,0.003420,0.044782
1.321000,491.874316,22.058979,-1.681114,0.003418,0.044847
1.322000,491.874316,22.058979,-1.681114,0.003418,0.044847
1.323000,491.969536,22.078869,-1.703474,0.003463,0.044879
1.324000,491.969536,22.078869,-1.703474,0.003463,0.044879
1.325000,492.062406,22.059279,-1.725234,0.003506,0.044830
1.326000,492.254276,22.099539,-1.724944,0.003504,0.044895
1.327000,492.162056,22.118909,-1.746524,0.003549,0.044942
1.328000,492.069186,22.138499,-1.724764,0.003505,0.044991
1.329000,492.069186,22.138499,-1.724764,0.003505,0.044991
1.330000,491.879666,22.137719,-1.725654,0.003508,0.045006
1.331000,491.879666,22.137719,-1.725654,0.003508,0.045006
1.332000,491.879666,22.137719,-1.725654,0.003508,0.045006
1.333000,491.879666,22.137719,-1.725654,0.003508,0.045006
1.334000,491.974886,22.157609,-1.748014,0.003553,0.045038
1.335000,491.972536,22.118129,-1.747414,0.003552,0.044958
1.336000,492.067756,22.138019,-1.769774,0.003597,0.044990
1.337000,491.976966,22.157869,-1.746344,0.003550,0.045038
1.338000,491.880316,22.137499,-1.768994,0.003596,0.045006
1.339000,491.882666,22.176979,-1.769594,0.003598,0.045086
1.340000,491.878886,22.137019,-1.814004,0.003688,0.045005
1.341000,491.787446,22.157089,-1.747234,0.003553,0.045054
1.342000,491.971106,22.117649,-1.792424,0.003643,0.044957
1.343000,491.971106,22.117649,-1.792424,0.003643,0.044957
1.344000,491.878886,22.137019,-1.814004,0.003688,0.045005
1.345000,491.878886,22.137019,-1.814004,0.003688,0.045005
1.346000,491.783666,22.117129,-1.791644,0.003643,0.044973
1.347000,491.687016,22.096759,-1.814294,0.003690,0.044941
1.348000,491.878886,22.137019,-1.814004,0.003688,0.045005
1.349000,492.067756,22.138019,-1.769774,0.003597,0.044990
1.350000,491.971756,22.117429,-1.835764,0.003731,0.044957
1.351000,491.875106,22.097059,-1.858414,0.003778,0.044924
1.352000,491.875106,22.097059,-1.858414,0.003778,0.044924
1.353000,491.875106,22.097059,-1.858414,0.003778,0.044924
1.354000,491.687666,22.096539,-1.857634,0.003778,0.044940
1.355000,491.683236,22.056799,-1.858704,0.003780,0.044860
1.356000,491.591016,22.076169,-1.880284,0.003825,0.044908
1.357000,491.494366,22.055799,-1.902934,0.003872,0.044875
1.358000,491.494366,22.055799,-1.902934,0.003872,0.044875
1.359000,491.494366,22.055799,-1.902934,0.003872,0.044875
1.360000,491.494366,22.055799,-1.902934,0.003872,0.044875
1.361000,491.494366,22.055799,-1.902934,0.003872,0.044875
1.362000,491.397716,22.035429,-1.925584,0.003919,0.044842
1.363000,491.210276,22.034909,-1.924804,0.003918,0.044858
1.364000,491.210276,22.034909,-1.924804,0.003918,0.044858
1.365000,491.115056,22.015019,-1.902444,0.003874,0.044827
1.366000,491.205846,21.995169,-1.925874,0.003921,0.044778
1.367000,491.110626,21.975279,-1.903514,0.003876,0.044746
1.368000,491.205846,21.995169,-1.925874,0.003921,0.044778
1.369000,491.111276,21.975059,-1.946854,0.003964,0.044746
1.370000,491.014626,21.954689,-1.969504,0.004011,0.044713
1.371000,490.829536,21.993649,-1.969324,0.004012,0.044809
1.372000,490.826536,21.954389,-1.925384,0.003923,0.044729
1.373000,490.729886,21.934019,-1.948034,0.003970,0.044697
1.374000,490.825106,21.953909,-1.970394,0.004014,0.044729
1.375000,490.825106,21.953909,-1.970394,0.004014,0.044729
1.376000,490.917976,21.934319,-1.992154,0.004058,0.044680
1.377000,490.917976,21.934319,-1.992154,0.004058,0.044680
1.378000,490.730536,21.933799,-1.991374,0.004058,0.044696
1.379000,490.730536,21.933799,-1.991374,0.004058,0.044696
1.380000,490.730536,21.933799,-1.991374,0.004058,0.044696
1.381000,490.825756,21.953689,-2.013734,0.004103,0.044728
1.382000,490.825756,21.953689,-2.013734,0.004103,0.044728
1.383000,490.729106,21.933319,-2.036384,0.004150,0.044695
1.384000,490.726106,21.894059,-1.992444,0.004060,0.044616
1.385000,490.821326,21.913949,-2.014804,0.004105,0.044648
1.386000,490.726756,21.893839,-2.035784,0.004149,0.044615
1.387000,490.726756,21.893839,-2.035784,0.004149,0.044615
1.388000,490.633886,21.913429,-2.014024,0.004105,0.044664
1.389000,490.633886,21.913429,-2.014024,0.004105,0.044664
1.390000,490.821976,21.913729,-2.058144,0.004193,0.044647
1.391000,490.821976,21.913729,-2.058144,0.004193,0.044647
1.392000,490.918626,21.934099,-2.035494,0.004146,0.044680
1.393000,490.914196,21.894359,-2.036564,0.004149,0.044599
1.394000,490.821976,21.913729,-2.058144,0.004193,0.044647
1.395000,490.824326,21.953209,-2.058744,0.004194,0.044727
1.396000,490.729106,21.933319,-2.036384,0.004150,0.044695
1.397000,490.821976,21.913729,-2.058144,0.004193,0.044647
1.398000,490.820546,21.913249,-2.103154,0.004285,0.044646
1.399000,491.009416,21.914249,-2.058924,0.004193,0.044631
1.400000,491.102286,21.894659,-2.080684,0.004237,0.044583
1.401000,491.102286,21.894659,-2.080684,0.004237,0.044583
1.402000,491.007066,21.874769,-2.058324,0.004192,0.044551
1.403000,490.913416,21.893659,-2.124914,0.004328,0.044598
1.404000,491.195156,21.875069,-2.102444,0.004280,0.044534
1.405000,491.098506,21.854699,-2.125094,0.004327,0.044502
1.406000,491.287376,21.855699,-2.080864,0.004236,0.044487
1.407000,491.190726,21.835329,-2.103514,0.004282,0.044454
1.408000,491.094076,21.814959,-2.126164,0.004329,0.044421
1.409000,491.378816,21.835629,-2.147634,0.004371,0.044437
1.410000,491.283596,21.815739,-2.125274,0.004326,0.044406
1.411000,491.091726,21.775479,-2.125564,0.004328,0.044341
1.412000,491.186946,21.795369,-2.147924,0.004373,0.044373
1.413000,491.183946,21.756109,-2.103984,0.004283,0.044293
1.414000,491.186946,21.795369,-2.147924,0.004373,0.044373
1.415000,491.184596,21.755889,-2.147324,0.004372,0.044293
1.416000,491.276816,21.736519,-2.125744,0.004327,0.044245
1.417000,491.276816,21.736519,-2.125744,0.004327,0.044245
1.418000,491.275386,21.736039,-2.170754,0.004419,0.044244
1.419000,491.365256,21.677189,-2.148574,0.004373,0.044116
1.420000,491.272386,21.696779,-2.126814,0.004329,0.044164
1.421000,491.272386,21.696779,-2.126814,0.004329,0.044164
1.422000,490.988296,21.675889,-2.148684,0.004376,0.044147
1.423000,491.266256,21.617339,-2.170624,0.004418,0.044003
1.424000,491.168956,21.597189,-2.149934,0.004377,0.043971
1.425000,491.169606,21.596969,-2.193274,0.004465,0.043970
1.426000,491.169606,21.596969,-2.193274,0.004465,0.043970
1.427000,491.168956,21.597189,-2.149934,0.004377,0.043971
1.428000,490.977736,21.556709,-2.193564,0.004468,0.043906
1.429000,490.973306,21.516969,-2.194634,0.004470,0.043825
1.430000,490.785866,21.516449,-2.193854,0.004470,0.043841
1.431000,490.878086,21.497079,-2.172274,0.004425,0.043793
1.432000,490.973306,21.516969,-2.194634,0.004470,0.043825
1.433000,490.878086,21.497079,-2.172274,0.004425,0.043793
1.434000,490.973306,21.516969,-2.194634,0.004470,0.043825
1.435000,490.781437,21.476709,-2.194924,0.004472,0.043760
1.436000,490.589567,21.436449,-2.195214,0.004475,0.043695
1.437000,490.589567,21.436449,-2.195214,0.004475,0.043695
1.438000,490.585787,21.396489,-2.239624,0.004565,0.043614
1.439000,490.492917,21.416079,-2.217864,0.004522,0.043662
1.440000,490.497347,21.455819,-2.216794,0.004519,0.043743
1.441000,490.490567,21.376599,-2.217264,0.004521,0.043582
1.442000,490.393917,21.356229,-2.239914,0.004568,0.043549
1.443000,490.492917,21.416079,-2.217864,0.004522,0.043662
1.444000,490.490567,21.376599,-2.217264,0.004521,0.043582
1.445000,490.112177,21.374819,-2.262384,0.004616,0.043612
1.446000,489.920307,21.334559,-2.262674,0.004618,0.043547
1.447000,489.920307,21.334559,-2.262674,0.004618,0.043547
1.448000,490.012527,21.315189,-2.241094,0.004574,0.043499
1.449000,490.109177,21.335559,-2.218444,0.004526,0.043532
1.450000,490.104747,21.295819,-2.219514,0.004529,0.043452
1.451000,490.389487,21.316489,-2.240984,0.004570,0.043468
1.452000,490.200617,21.315489,-2.285214,0.004662,0.043483
1.453000,490.200617,21.315489,-2.285214,0.004662,0.043483
1.454000,490.200617,21.315489,-2.285214,0.004662,0.043483
1.455000,490.008747,21.275229,-2.285504,0.004664,0.043418
1.456000,490.008747,21.275229,-2.285504,0.004664,0.043418
1.457000,490.103967,21.295119,-2.307864,0.004709,0.043450
1.458000,490.200617,21.315489,-2.285214,0.004662,0.043483
1.459000,490.196187,21.275749,-2.286284,0.004664,0.043403
1.460000,490.100967,21.255859,-2.263924,0.004619,0.043370
1.461000,490.007317,21.274749,-2.330514,0.004756,0.043417
1.462000,489.916527,21.294599,-2.307084,0.004709,0.043466
1.463000,490.011747,21.314489,-2.329444,0.004754,0.043498
1.464000,490.011747,21.314489,-2.329444,0.004754,0.043498
1.465000,490.103967,21.295119,-2.307864,0.004709,0.043450
1.466000,490.291407,21.295639,-2.308644,0.004709,0.043435
1.467000,490.199187,21.315009,-2.330224,0.004754,0.043482
1.468000,490.291407,21.295639,-2.308644,0.004709,0.043435
1.469000,490.294407,21.334899,-2.352584,0.004798,0.043514
1.470000,490.295837,21.335379,-2.307574,0.004706,0.043515
